"logFC","logCPM","F","PValue","FDR","gene","cluster_id","contrast","Significant","neglogFDR"
2.4128427177814,9.73111726920715,148.006770365645,1.20868042829603e-32,4.95945753338429e-28,"CFL1","B cell","PD - RD",TRUE,27.3045658241432
1.81621060706201,13.9129845846968,128.180027266695,3.07510505477465e-28,6.30888553037568e-24,"ACTB","B cell","PD - RD",TRUE,23.2000473524446
-2.4201484076473,9.61627561606573,124.928630206729,5.10154517960196e-28,6.97755339364759e-24,"RPL23","B cell","PD - RD",TRUE,23.1562968315175
2.09456403234965,11.4430212755831,123.736708770459,1.16931103085806e-27,1.1994792554542e-23,"MT-CO3","B cell","PD - RD",TRUE,22.9210072585921
8.67870008049062,2.97340983996107,116.651728953476,4.64508092429975e-26,3.81193920971735e-22,"RPS4Y1","B cell","PD - RD",TRUE,21.4188540338193
-9.56340603875,3.64938814268316,109.79987895024,1.0376069668199e-24,7.09584817709239e-21,"XIST","B cell","PD - RD",TRUE,20.1489956852502
8.82376170319258,2.8932795287041,96.3576797991584,6.90278164381126e-22,4.04621337726948e-18,"DDX3Y","B cell","PD - RD",TRUE,17.3929512184196
-10.6280633491366,3.32547843430143,90.6132359140344,8.45928857983249e-21,4.33876911259608e-17,"THBS1","B cell","PD - RD",TRUE,16.3626334602173
-11.3738871033251,2.24442856072996,82.4874481164691,4.179898596548e-19,1.90566221348397e-15,"CCL18","B cell","PD - RD",TRUE,14.7199540773707
1.5447594631388,10.5695368226422,80.998957339329,6.31074698333646e-19,2.58942570220262e-15,"PFN1","B cell","PD - RD",TRUE,14.5867965455792
13.225818507002,1.87202625972171,98.2795459221168,2.19165948423766e-22,8.99281719572398e-18,"IGHM","B cell","TN - PD",TRUE,17.0461042347524
8.32311658883127,3.64938814268316,92.3366156705937,3.68184168855145e-21,7.55366640823216e-17,"XIST","B cell","TN - PD",TRUE,16.1218421987861
10.4220714124386,3.32547843430143,88.6410950761476,2.14641491695042e-20,2.93572322907699e-16,"THBS1","B cell","TN - PD",TRUE,15.5322848907691
11.3459811182746,1.60782682718687,86.4691251199037,9.55665259205496e-20,9.80321422892998e-16,"JCHAIN","B cell","TN - PD",TRUE,15.0086315066525
11.2338525416065,2.24442856072996,81.4897377839277,6.70765366949779e-19,5.50456890733667e-15,"CCL18","B cell","TN - PD",TRUE,14.2592766873182
7.30962995080323,3.28400871167627,68.0112294964993,3.71097982935537e-16,2.53781540596849e-12,"TSIX","B cell","TN - PD",TRUE,11.5955399705332
-8.89899072345753,1.70261344605164,64.0607997505248,2.88739973819898e-15,1.69251122939686e-11,"KRT14","B cell","TN - PD",TRUE,10.7714684411959
9.25928940381348,1.44867286866037,64.6431999316364,3.85760935211106e-15,1.97856783669776e-11,"MS4A1","B cell","TN - PD",TRUE,10.7036490550272
-7.6052996155725,1.50133354247434,60.5933151225579,1.98487970386131e-14,8.14435840088373e-11,"ELAVL4","B cell","TN - PD",TRUE,10.0891431230106
-9.16259233566515,1.36381805362331,62.2139538165279,1.79087130902884e-14,8.14435840088373e-11,"TFF3","B cell","TN - PD",TRUE,10.0891431230106
2.05839202813852,9.73111726920715,117.86423878233,1.49606140080131e-26,4.41532314656355e-22,"CFL1","B cell","TN - RD",TRUE,21.3550375059859
10.2246339043247,2.8932795287041,118.867170608429,2.15213645279954e-26,4.41532314656355e-22,"DDX3Y","B cell","TN - RD",TRUE,21.3550375059859
6.89261182164074,2.97340983996107,85.2495700621258,1.09208747527697e-19,1.49368444285215e-15,"RPS4Y1","B cell","TN - RD",TRUE,14.8257411422817
1.34892603327903,13.9129845846968,78.3995790555988,3.15040771875647e-18,3.23168823790039e-14,"ACTB","B cell","TN - RD",TRUE,13.4905705424179
10.2146732943647,1.79692024626264,70.3830758758141,1.37030790749513e-16,1.12452948120681e-12,"PMEL","B cell","TN - RD",TRUE,11.9490291544057
-9.51109428545429,1.26962947416888,68.5263333701913,3.96236242722728e-16,2.70972758523317e-12,"KRT18P61","B cell","TN - RD",TRUE,11.5670743674934
8.68948813572804,1.49068425886732,65.2908313329655,1.86765537083014e-15,1.0947662167986e-11,"CCL17","B cell","TN - RD",TRUE,10.9606786128735
-7.79305813677739,1.52367866211964,63.1602100819366,4.85985190856592e-15,2.21566048346974e-11,"FCGR3B","B cell","TN - RD",TRUE,10.6544967879203
-8.72264748145521,1.70261344605164,63.2207713813493,4.32653255153565e-15,2.21566048346974e-11,"KRT14","B cell","TN - RD",TRUE,10.6544967879203
7.05335267396782,1.99919260436083,61.1003856674528,1.14992988260836e-14,4.7183922943186e-11,"USP9Y","B cell","TN - RD",TRUE,10.3262059540449
9.40691057742434,3.06961999856369,89.4058398432567,1.14260824492788e-19,4.68835015058808e-15,"SDC1","Endothelial","PD - RD",TRUE,14.3289799603881
-9.41428221463966,2.00568542040157,57.35862076159,1.48900774641097e-13,1.2219393170147e-09,"HLA-DQB2","Endothelial","PD - RD",TRUE,8.91295036114751
-11.6105817963651,2.08096942461238,59.0519661297248,9.09375678706351e-14,1.2219393170147e-09,"MS4A1","Endothelial","PD - RD",TRUE,8.91295036114751
17.8336948914675,1.2173653163766,60.5238491041144,1.40172884392954e-13,1.2219393170147e-09,"IGLV3-19","Endothelial","PD - RD",TRUE,8.91295036114751
-12.6362978627062,2.7900499932559,57.6489860599152,9.22924502629814e-14,1.2219393170147e-09,"ETS2","Endothelial","PD - RD",TRUE,8.91295036114751
17.5904656190847,1.14349508699281,59.6777021595992,1.80869594648847e-13,1.23690686793858e-09,"IGLV1-40","Endothelial","PD - RD",TRUE,8.90766299904754
7.56614804567203,4.18423477652965,55.129413348765,2.57043084130868e-13,1.31837397850722e-09,"ITGA6","Endothelial","PD - RD",TRUE,8.87996137747816
8.03217946421752,2.54258586248209,55.763110233672,2.39566704490975e-13,1.31837397850722e-09,"HSPA1L","Endothelial","PD - RD",TRUE,8.87996137747816
-4.19559181718313,8.71102744009909,54.3904852884756,3.32802643417443e-13,1.45486982657486e-09,"BEST1","Endothelial","PD - RD",TRUE,8.83717586312433
10.2353465973845,1.95039102637388,55.4531400988873,3.5456956194552e-13,1.45486982657486e-09,"EIF1AY","Endothelial","PD - RD",TRUE,8.83717586312433
12.69867818084,2.82217429916906,194.867287306491,2.32667665134893e-35,9.54681963581492e-31,"CD34","Endothelial","TN - PD",TRUE,30.0201412823068
10.8237131876777,2.41482951103029,153.837063287481,1.4961357054254e-29,2.04631467550051e-25,"RAMP2","Endothelial","TN - PD",TRUE,24.6890275811198
12.647657816943,2.62312731706686,155.233069211369,1.20180231973691e-29,2.04631467550051e-25,"SOX18","Endothelial","TN - PD",TRUE,24.6890275811198
11.659984691247,2.30900278347912,133.093248137524,2.76341052985601e-26,2.83470652152629e-22,"ROBO4","Endothelial","TN - PD",TRUE,21.5474918971518
11.3563687741511,2.30709818580725,127.073646638266,2.52531365130647e-25,2.07237339480814e-21,"NNMT","Endothelial","TN - PD",TRUE,20.6835319918347
12.3190450263245,2.66766023651249,108.953498106579,3.93623829731401e-23,2.69186216358981e-19,"GNG11","Endothelial","TN - PD",TRUE,18.5699471818645
12.1109394153461,2.49919751420372,108.555375874745,7.95228934208883e-23,4.07872920355736e-19,"EMCN","Endothelial","TN - PD",TRUE,18.3894751275598
11.2594138274919,2.56000354425086,111.241494851353,7.2829408704604e-23,4.07872920355736e-19,"HTRA1","Endothelial","TN - PD",TRUE,18.3894751275598
11.6602063760565,2.24334594135985,110.506571462745,1.26607143407072e-22,5.7721603425322e-19,"TIE1","Endothelial","TN - PD",TRUE,18.2386616133184
9.64330667918716,1.98904936064093,109.968138104357,1.80677151683799e-22,7.41354488788965e-19,"ECSCR","Endothelial","TN - PD",TRUE,18.1299740785094
12.9732159887579,2.82217429916906,224.830593690917,2.06634014417222e-39,8.47860687956747e-35,"CD34","Endothelial","TN - RD",TRUE,34.0716755008352
11.2790437361486,2.41482951103029,182.983308927693,7.4046493180099e-34,1.51913785408291e-29,"RAMP2","Endothelial","TN - RD",TRUE,28.8184028143196
12.647657816943,2.62312731706686,169.080107324284,1.06165264489559e-31,1.45205771084519e-27,"SOX18","Endothelial","TN - RD",TRUE,26.8380161226142
11.659984691247,2.30900278347912,144.089939411914,5.27916871863349e-28,5.41537127157423e-24,"ROBO4","Endothelial","TN - RD",TRUE,23.2663717632919
11.3563687741511,2.30709818580725,137.286500398837,6.08751214679616e-27,4.9956559681468e-23,"NNMT","Endothelial","TN - RD",TRUE,22.3014074774796
11.8584877986758,2.56000354425086,130.054948149413,5.90071617783753e-26,4.03530310348383e-22,"HTRA1","Endothelial","TN - RD",TRUE,21.3941238385809
9.89735867810117,2.01704867421924,125.014327476724,5.68122802403653e-25,3.33017354688953e-21,"RAMP2-AS1","Endothelial","TN - RD",TRUE,20.4775331333127
11.6602063760565,2.24334594135985,119.637411917355,3.98579414414057e-24,2.0443138165297e-20,"TIE1","Endothelial","TN - RD",TRUE,19.6894524361665
9.64330667918716,1.98904936064093,117.134162982361,1.20571889109558e-23,5.49700639327044e-20,"ECSCR","Endothelial","TN - RD",TRUE,19.2598737579296
12.412105462972,2.32856965841921,114.366484543287,3.05460076246482e-23,1.25336378485456e-19,"TSPAN7","Endothelial","TN - RD",TRUE,18.9019228581162
-14.5766143658579,4.28025317246713,944.405847014159,1.6192658627231e-52,6.64417168792543e-48,"WFDC2","Epithelial","PD - RD",TRUE,47.1775591537409
-13.3892981157275,3.96142797148516,761.381629749899,6.8415811240451e-52,1.40361878340909e-47,"FOLR1","Epithelial","PD - RD",TRUE,46.8527508286325
-15.6406466672686,4.56365453058403,1094.26792976493,3.23309401979638e-51,4.42201046067616e-47,"PIGR","Epithelial","PD - RD",TRUE,46.3543802343922
-13.0896597811608,3.87633765031469,702.554659651363,6.55719197857192e-51,6.72636753161908e-47,"CLDN4","Epithelial","PD - RD",TRUE,46.1722194063355
13.5313572821765,7.58615744338649,368.007580271808,1.13526205450567e-49,9.31641452409534e-46,"RGS1","Epithelial","PD - RD",TRUE,45.0307511962299
-13.035373656954,3.851619895311,655.711337107168,1.51177013064523e-49,1.03384920001058e-45,"TSPAN1","Epithelial","PD - RD",TRUE,44.9855428039688
-13.2242558598264,3.94263449771579,627.897254703202,2.86911352288217e-49,1.68179237244144e-45,"TSPAN8","Epithelial","PD - RD",TRUE,44.7742276215398
12.4801883446227,6.85915344808906,318.875689978009,1.14635018573367e-46,5.87963010262801e-43,"LSP1","Epithelial","PD - RD",TRUE,42.2306499952573
-13.4541155824343,3.95491410934762,580.85821611663,1.66811665386749e-46,7.60512917127677e-43,"BACE2","Epithelial","PD - RD",TRUE,42.1188934051618
-12.1578509318879,3.61577642907958,528.243354217527,2.68278689270913e-46,1.10080111781641e-42,"CLDN3","Epithelial","PD - RD",TRUE,41.9582911381009
12.0791856241107,4.51153528769612,210.71547308394,1.82356647182592e-33,7.48245794719611e-29,"IL32","Epithelial","TN - PD",TRUE,28.1259557152966
12.3146621972852,3.21048686448982,216.738712894654,9.23742137275995e-28,1.89514936883543e-23,"TRAC","Epithelial","TN - PD",TRUE,22.7223565548228
12.9205708670016,3.37146557137406,163.506272494349,4.82122099471108e-25,6.59414466183284e-21,"LCK","Epithelial","TN - PD",TRUE,20.1808415295698
2.54861422017709,13.2240140335656,131.002184135048,2.74501385791003e-24,2.81583521544411e-20,"ACTB","Epithelial","TN - PD",TRUE,19.5503927639892
-9.55560237438947,5.86412770499991,106.712018374977,9.81111571367747e-22,8.05139399927228e-18,"APP","Epithelial","TN - PD",TRUE,17.0941289204049
-11.4102303379144,3.95700154685273,113.807176575341,3.2000701180119e-21,2.1884212847044e-17,"SPIB","Epithelial","TN - PD",TRUE,16.6598690699023
-11.5568921322542,3.88702484022587,111.040631557819,1.58189760399987e-20,9.27263178390325e-17,"LILRB4","Epithelial","TN - PD",TRUE,16.0327969857033
-10.7752561324629,5.69564442869144,98.4622002125043,4.02274070771248e-20,2.06326370898573e-16,"PLAUR","Epithelial","TN - PD",TRUE,15.6854452606172
12.8496229568855,3.04228761092202,111.735740463603,7.25729326911843e-20,3.30868063798297e-16,"PRF1","Epithelial","TN - PD",TRUE,15.4803451499919
12.2390937343785,3.07484106862892,92.7048732458287,1.3341371404799e-18,5.47423151481711e-15,"MKI67","Epithelial","TN - PD",TRUE,14.2616768394649
14.1355850175396,7.58615744338649,380.759259673404,9.92491225428757e-51,4.07238999617928e-46,"RGS1","Epithelial","TN - RD",TRUE,45.3901506380686
12.9731219584458,6.85915344808906,327.628935734944,1.6729624238431e-47,3.43224970875651e-43,"LSP1","Epithelial","TN - RD",TRUE,42.4644211231573
-14.5766143658579,4.28025317246713,633.177050452042,7.1177348736958e-45,9.73516324458287e-41,"WFDC2","Epithelial","TN - RD",TRUE,40.0116567615937
-15.6406466672686,4.56365453058403,726.755707376075,3.89107097671367e-44,3.99146060791288e-40,"PIGR","Epithelial","TN - RD",TRUE,39.3988681524635
-13.3892981157275,3.96142797148516,516.973096132992,7.23890184981842e-44,5.94053241403499e-40,"FOLR1","Epithelial","TN - RD",TRUE,39.2261746300835
-13.0896597811608,3.87633765031469,478.76503668149,6.9638430369793e-43,4.76234012488891e-39,"CLDN4","Epithelial","TN - RD",TRUE,38.3221795906431
-13.035373656954,3.851619895311,447.147445600177,1.34207953217125e-41,7.86688676629296e-38,"TSPAN1","Epithelial","TN - RD",TRUE,37.1041971008958
-14.2907960909489,4.31406584449993,421.93416671933,3.57150092826774e-40,1.83182282610852e-36,"KRT8","Epithelial","TN - RD",TRUE,35.7371165335963
-12.709906128846,3.94263449771579,395.01065876176,1.33833109957304e-39,6.10160018640899e-36,"TSPAN8","Epithelial","TN - RD",TRUE,35.2145562533513
-13.180038050447,4.05766967668864,359.207010622606,1.15893495409366e-38,4.75534190363713e-35,"EPCAM","Epithelial","TN - RD",TRUE,34.3228182523281
18.8113094249609,9.80993674554106,4210.22261078479,4.46896085307582e-229,1.83370401723407e-224,"TPSAB1","Fibroblast","PD - RD",TRUE,223.736670763571
17.6393045152865,9.15168606665974,2880.24531964351,1.94918033292551e-209,3.99893837102997e-205,"TPSB2","Fibroblast","PD - RD",TRUE,204.398055288872
13.1849292650286,6.8406848483503,1495.52659333405,9.06056156880244e-176,1.23924320763701e-171,"KIT","Fibroblast","PD - RD",TRUE,170.906843452809
13.8458459322059,7.32572941591024,1374.16326310344,1.99753657884017e-165,2.04907302257425e-161,"CPA3","Fibroblast","PD - RD",TRUE,160.688442564422
13.4629914281833,6.69089842336766,1050.46384284533,1.23812619324587e-141,1.01605587922529e-137,"HDC","Fibroblast","PD - RD",TRUE,136.993082406844
14.3447461626612,6.9852524466794,842.415781022691,4.64469670851243e-121,3.17635325572803e-117,"MS4A2","Fibroblast","PD - RD",TRUE,116.498071203826
15.559383779218,7.33026395882825,827.860244624465,1.62758616903962e-117,9.54044509829054e-114,"TPSD1","Fibroblast","PD - RD",TRUE,113.020431363323
12.5268173788201,6.04868607968955,514.692251233762,9.83130743335204e-87,5.04247758256626e-83,"SIGLEC6","Fibroblast","PD - RD",TRUE,82.2973560238617
13.2539994355589,5.9762645806048,506.080394711081,2.1543200463313e-85,9.82178446011843e-82,"HPGDS","Fibroblast","PD - RD",TRUE,81.0078096007286
13.2963285057728,6.08257260519103,444.166394960353,3.77391122131589e-77,1.54851125233034e-73,"RHEX","Fibroblast","PD - RD",TRUE,72.8100856344743
-1.57040652707662,11.6566648689096,54.0884274107381,3.79438898392988e-13,1.55691368788611e-08,"TMSB4X","Fibroblast","TN - PD",TRUE,7.80773546316329
-1.28482908257232,13.8853488128399,49.1797563518552,4.65185786933296e-12,9.5437516047235e-08,"B2M","Fibroblast","TN - PD",TRUE,7.02028087257553
7.99293622496008,3.60098457078469,45.3437366999507,3.10984415464846e-11,4.25343751178452e-07,"XIST","Fibroblast","TN - PD",TRUE,6.37125994313098
6.50572228699291,3.33980360377326,33.6607048225088,9.36709783760773e-09,8.18955993015918e-05,"TSIX","Fibroblast","TN - PD",TRUE,4.0867394346301
-2.36984469270201,9.34219247217209,33.3245378427291,9.97947934558293e-09,8.18955993015918e-05,"IFITM3","Fibroblast","TN - PD",TRUE,4.0867394346301
8.21586335557788,2.44147984453724,31.5976655837567,2.61829106667319e-08,0.000179056198412891,"EDIL3","Fibroblast","TN - PD",TRUE,3.74701064036042
9.80823686130265,1.32745433148723,30.8848827815168,4.11905920092299e-08,0.000241447481617532,"GSTM5","Fibroblast","TN - PD",TRUE,3.61717732008477
9.14529336372047,1.53685133058606,30.4360054311296,4.8187267396443e-08,0.000247152494476356,"IGKC","Fibroblast","TN - PD",TRUE,3.60703500190622
8.93412619100491,1.61988263297434,29.6094701426433,6.87821504626943e-08,0.000313585466420586,"AMPD2","Fibroblast","TN - PD",TRUE,3.50364407353736
1.32160461619823,6.8406848483503,28.2904609124065,1.40728116366547e-07,0.000577435607075215,"KIT","Fibroblast","TN - PD",TRUE,3.23849643923
18.5271475935055,9.80993674554106,4035.7101335178,2.21503055517106e-225,9.08871337397789e-221,"TPSAB1","Fibroblast","TN - RD",TRUE,220.04149759248
17.6581381320668,9.15168606665974,2863.88359645247,6.5475696472814e-209,1.34329938883625e-204,"TPSB2","Fibroblast","TN - RD",TRUE,203.871827182842
14.5065338812269,6.8406848483503,1648.96825457009,4.98008968216073e-186,6.81143466128063e-182,"KIT","Fibroblast","TN - RD",TRUE,181.166761404995
14.1531918648102,7.32572941591024,1396.47169794246,5.05714489008021e-167,5.18761922824428e-163,"CPA3","Fibroblast","TN - RD",TRUE,162.285031908675
14.0417905204387,6.69089842336766,1091.03924577343,3.96799606570974e-145,3.25629629136404e-141,"HDC","Fibroblast","TN - RD",TRUE,140.487276085401
14.2911133490595,6.9852524466794,831.563098780912,5.29211430495643e-120,3.61910056934954e-116,"MS4A2","Fibroblast","TN - RD",TRUE,115.441399348335
14.4350822771209,7.33026395882825,755.478283298018,1.79179249098474e-110,1.05029756414408e-106,"TPSD1","Fibroblast","TN - RD",TRUE,105.978687641732
11.8899524066297,6.04868607968955,478.335916320203,5.1224532413411e-82,2.62730626748385e-78,"SIGLEC6","Fibroblast","TN - RD",TRUE,77.5804892981597
12.2207542149318,5.9762645806048,457.129789934256,5.3787917494197e-79,2.45225092291321e-75,"HPGDS","Fibroblast","TN - RD",TRUE,74.6104350933457
12.9906205315939,6.08257260519103,428.528720203799,4.95300468200359e-75,2.03231688111971e-71,"RHEX","Fibroblast","TN - RD",TRUE,70.6920085754274
-11.8983100788866,3.77743200676277,622.223867303782,5.18231630298855e-97,2.12640802544226e-92,"FOLR1","Macrophage","PD - RD",TRUE,91.6723533972936
-13.4392409618001,4.43218630062735,640.623605492364,2.2575811879894e-96,4.63165356527905e-92,"SFTPD","Macrophage","PD - RD",TRUE,91.3342639320773
-11.4736482411837,3.64347752186659,602.062448877287,5.31882376473546e-95,5.45604941786564e-91,"EPCAM","Macrophage","PD - RD",TRUE,90.2631217047355
-11.1336554164155,3.51695062678023,593.717542758761,4.86306619099053e-95,5.45604941786564e-91,"PEBP4","Macrophage","PD - RD",TRUE,90.2631217047355
-12.4020820620624,3.61113582739005,517.543482011222,2.3457619849501e-84,1.92502611532945e-80,"CXCL17","Macrophage","PD - RD",TRUE,79.7155633743807
-12.0210915765621,3.48070601063765,387.062236829669,2.5471794274892e-68,1.74193110447894e-64,"LAMP3","Macrophage","PD - RD",TRUE,63.7589690258704
-12.1472876234556,3.6293636004545,364.47695690206,7.06556397877434e-67,4.14163173110098e-63,"DHCR24","Macrophage","PD - RD",TRUE,62.3828285206674
-11.3856115802169,3.15848791416028,366.638140583083,4.45217144806278e-65,2.2835187357114e-61,"PRSS8","Macrophage","PD - RD",TRUE,60.6413954207626
-10.0223347007117,3.3658693490138,358.566088389888,8.73921488777247e-65,3.98430516972311e-61,"WFDC2","Macrophage","PD - RD",TRUE,60.3996474050749
-10.9784568338433,3.74440868365369,355.046484929645,1.71931171205429e-64,7.05467981690115e-61,"MGST1","Macrophage","PD - RD",TRUE,60.1515226923148
12.0391084513391,2.94755956035084,257.48524798106,9.57574662358506e-49,3.92912035458942e-44,"FCRL5","Macrophage","TN - PD",TRUE,43.4057046679218
11.4770004675798,3.00207292938599,183.982371509478,3.01005038427058e-38,6.17541936836953e-34,"CD79A","Macrophage","TN - PD",TRUE,33.2093335444352
4.74440962770331,8.40956500377536,168.234932061726,1.15196560128746e-36,1.18168631380067e-32,"SSR4","Macrophage","TN - PD",TRUE,31.9274977944071
12.3959936941211,3.6772567665777,175.028820094159,9.75714113010887e-37,1.18168631380067e-32,"DERL3","Macrophage","TN - PD",TRUE,31.9274977944071
15.7508707282462,5.13596598642577,167.283316883966,3.03570190092477e-36,2.4912184079749e-32,"IGKC","Macrophage","TN - PD",TRUE,31.603588195699
10.1207633978902,2.25204702217797,155.436698310962,8.80247420502593e-32,6.0197186930104e-28,"IGLL5","Macrophage","TN - PD",TRUE,27.2204238032485
10.8934080285979,2.26277697187045,142.49684404339,1.55137630925602e-29,9.0937246744847e-26,"IGLV3-1","Macrophage","TN - PD",TRUE,25.0412581988182
10.636639221528,2.30921549599466,132.384557458536,2.13212696143273e-28,1.09356791851885e-24,"PLCG2","Macrophage","TN - PD",TRUE,23.9611542389437
-2.75423687360403,8.42507389505007,122.762856496528,1.42115823083178e-27,6.47921828083219e-24,"PFN1","Macrophage","TN - PD",TRUE,23.1884773886974
2.13263177476535,10.6195446345275,122.19230883902,2.25391785695324e-27,9.24827575065055e-24,"UBC","Macrophage","TN - PD",TRUE,23.0339392296155
-12.6264532694186,3.77743200676277,729.350533709675,1.79058065706973e-108,3.67355527604426e-104,"FOLR1","Macrophage","TN - RD",TRUE,103.434913420935
-14.4234564633104,4.43218630062735,762.170487315468,1.74206036906819e-108,3.67355527604426e-104,"SFTPD","Macrophage","TN - RD",TRUE,103.434913420935
-11.9984690370187,3.64347752186659,684.008801106346,4.92489761985153e-104,6.73594663792493e-100,"EPCAM","Macrophage","TN - RD",TRUE,99.1716013619696
-10.394780908472,3.51695062678023,560.677090426729,3.94695945288243e-91,4.0487910067668e-87,"PEBP4","Macrophage","TN - RD",TRUE,86.3926746403594
-12.4020820620624,3.61113582739005,536.805132995071,1.18877731981843e-86,9.75558219735794e-83,"CXCL17","Macrophage","TN - RD",TRUE,82.0107468075042
-11.4566752894445,3.3658693490138,477.945074378118,5.1353658780238e-81,3.51190554511788e-77,"WFDC2","Macrophage","TN - RD",TRUE,76.4544571732288
-12.4995652210112,3.74440868365369,457.629762145982,1.10122017121947e-78,6.45503800935391e-75,"MGST1","Macrophage","TN - RD",TRUE,74.1901011961235
-11.8115035641821,3.32222430031571,409.723834863711,1.24267932883129e-71,6.37370227757568e-68,"LMO7","Macrophage","TN - RD",TRUE,67.1956082267465
-10.9548071195275,3.28415525897457,390.064739258584,2.59606399281073e-70,1.18357441947789e-66,"SFTA2","Macrophage","TN - RD",TRUE,65.9268044297903
-13.0379878557837,3.61718155750082,396.629580175303,9.70572424347279e-69,3.98245277158176e-65,"TCIM","Macrophage","TN - RD",TRUE,64.3998493658503
12.9575318818233,5.63834233180917,1287.8878039474,3.80047686597553e-113,1.55941166764708e-108,"EPCAM","Mast cell","PD - RD",TRUE,107.807039220676
13.7635851629584,5.81588321554952,1102.40421003456,6.63618950240488e-101,1.36148063831338e-96,"TACSTD2","Mast cell","PD - RD",TRUE,95.8659885304044
13.0915873916228,5.25158619628528,943.608209005738,5.19650740446432e-98,7.10743639399933e-94,"MGST1","Mast cell","PD - RD",TRUE,93.1482870182163
14.3662374385094,5.93568711417672,809.560613006245,3.3623625451433e-84,3.449111498808e-80,"CLDN4","Mast cell","PD - RD",TRUE,79.462292766046
12.9039704247253,5.11198668523435,627.742233949189,2.52568731981012e-77,2.07268004212898e-73,"GPRC5A","Mast cell","PD - RD",TRUE,72.6834677344052
13.7075460989327,5.37877543872282,640.905485172552,1.10328577251214e-76,7.54500363628635e-73,"C3","Mast cell","PD - RD",TRUE,72.1223405465817
12.4261407458847,4.41848254644949,572.086580482453,5.58622660434366e-75,3.27448642899184e-71,"EMP2","Mast cell","PD - RD",TRUE,70.4848568051516
13.340840039686,5.03292641350062,514.811381117721,2.14086332256224e-68,1.09804879814217e-64,"FOLR1","Mast cell","PD - RD",TRUE,63.9593783590727
12.6601020570227,4.76979510631639,470.185937449534,3.26207641139449e-65,1.48721688124821e-61,"TGM2","Mast cell","PD - RD",TRUE,60.8276256935755
13.371137105426,4.91745490671079,472.065673166935,5.08081448440715e-65,2.08475979924194e-61,"CXCL17","Mast cell","PD - RD",TRUE,60.680943976121
12.3409135490166,1.04880532450837,72.0340664384874,2.46614221338421e-16,1.01190747299581e-11,"KRT17","Mast cell","TN - PD",TRUE,10.9948591967892
7.01622272581444,2.57173042273639,44.6454167054322,7.31626306570961e-11,6.28556822833304e-07,"XIST","Mast cell","TN - PD",TRUE,6.20165545508629
-1.6733131515024,7.01205240184517,44.9524203435955,5.0406423671067e-11,6.28556822833304e-07,"RPL41","Mast cell","TN - PD",TRUE,6.20165545508629
7.88397150824859,0.457121146152817,45.6968224021771,4.36925993777299e-11,6.28556822833304e-07,"HDGFL3","Mast cell","TN - PD",TRUE,6.20165545508629
10.2905093861393,0.278626698172683,47.4548337531163,7.65934907917362e-11,6.28556822833304e-07,"SERPINB3","Mast cell","TN - PD",TRUE,6.20165545508629
-1.27461823081529,9.31549570010685,43.402895902393,1.1633375398517e-10,7.95567765586584e-07,"RPLP1","Mast cell","TN - PD",TRUE,6.09932282171587
8.40830888780825,0.307231206751016,43.3278079148019,3.50907247268615e-10,2.05691802427511e-06,"EPHB2","Mast cell","TN - PD",TRUE,5.68678301618782
-1.49597859675218,7.74988667668613,39.8876676557527,5.692551771637e-10,2.8360643626554e-06,"RPS8","Mast cell","TN - PD",TRUE,5.54728391734338
-11.400909590194,0.0121694094871725,42.2187939082959,6.7465313756017e-10,2.8360643626554e-06,"CCL19","Mast cell","TN - PD",TRUE,5.54728391734338
8.8517893100606,0.227628672471897,41.7514809582601,6.91183554946238e-10,2.8360643626554e-06,"SERPINB5","Mast cell","TN - PD",TRUE,5.54728391734338
13.042183953361,5.63834233180917,1296.43167922662,1.64740144959945e-113,6.75961762799648e-109,"EPCAM","Mast cell","TN - RD",TRUE,108.170077870145
14.2499932672089,5.81588321554952,1151.25013181356,4.41809410806174e-103,9.06416187209947e-99,"TACSTD2","Mast cell","TN - RD",TRUE,98.0426723472387
12.3935466236901,5.25158619628528,874.848904901663,4.41556567287698e-94,6.03931635631627e-90,"MGST1","Mast cell","TN - RD",TRUE,89.2190122202337
14.4159334401587,5.93568711417672,811.741542756128,2.54606535311896e-84,2.61175383922943e-80,"CLDN4","Mast cell","TN - RD",TRUE,79.5830677582171
13.3327313362682,5.11198668523435,654.271880452615,3.06078979748485e-79,2.51180653940796e-75,"GPRC5A","Mast cell","TN - RD",TRUE,74.6000138132243
13.5852213093498,5.37877543872282,632.215689320109,4.4805220243234e-76,3.06407966170063e-72,"C3","Mast cell","TN - RD",TRUE,71.5136999478556
11.500151409461,4.41848254644949,513.448522175407,4.75684861655474e-70,2.78832874906392e-66,"EMP2","Mast cell","TN - RD",TRUE,65.5546560234408
12.9560257743193,5.03292641350062,494.225783128505,1.14745667930596e-66,5.50672857540307e-63,"FOLR1","Mast cell","TN - RD",TRUE,62.2591063292042
13.0054409573339,4.76979510631639,486.40055739714,1.20785136426759e-66,5.50672857540307e-63,"TGM2","Mast cell","TN - RD",TRUE,62.2591063292042
12.5678156753945,4.91745490671079,433.786155622038,1.4544596175019e-61,5.96793870253379e-58,"CXCL17","Mast cell","TN - RD",TRUE,57.224175646207
12.7410819963519,4.04187736967979,832.992787934484,2.1765263266832e-155,8.93072282364651e-151,"S100A8","T cell","PD - RD",TRUE,150.049113389307
13.8129717748694,4.5068327166563,443.294383549772,4.67445456994325e-91,9.59011099569557e-87,"S100A9","T cell","PD - RD",TRUE,86.0181763662872
-10.0875178823894,6.18737884172957,399.642869835586,5.55999908067761e-85,7.60459607594546e-81,"TRBC2","T cell","PD - RD",TRUE,80.1189238488887
12.0202327024539,3.80952562824504,374.884303580429,2.37970397827999e-77,2.44110034091961e-73,"FCN1","T cell","PD - RD",TRUE,72.612414368632
-11.2867300701776,5.4578982135755,348.823448572072,1.04137182253532e-74,8.54591372445386e-71,"CD3G","T cell","PD - RD",TRUE,70.0682414959306
14.7191841024465,4.03220895157144,357.745419598967,9.2447901436938e-74,6.32220381960073e-70,"CXCL10","T cell","PD - RD",TRUE,69.1991315071834
12.1950623430148,3.7984154931829,302.903731256935,9.73253975340705e-64,5.70493673088283e-60,"APOBEC3A","T cell","PD - RD",TRUE,59.2437491676491
-10.4972758507948,4.60041013910903,274.612926464554,1.22951657563508e-59,6.30619051643233e-56,"CD2","T cell","PD - RD",TRUE,55.2002329129117
-2.02669585504378,14.0871425636233,261.898144793311,2.22958863061527e-57,1.01649422990451e-53,"TALAM1","T cell","PD - RD",TRUE,52.992895082277
-1.97517715346971,14.0600372120294,239.107235078475,1.16153491869233e-52,4.76601007837835e-49,"MALAT1","T cell","PD - RD",TRUE,48.3218450436137
-12.7410819963519,4.04187736967979,1274.81815272861,3.27687806273173e-220,1.34456860670008e-215,"S100A8","T cell","TN - PD",TRUE,214.871417032971
-12.4923627675989,3.80952562824504,615.561801777638,2.87092122356196e-120,5.88998198225972e-116,"FCN1","T cell","TN - PD",TRUE,115.229886033739
-14.7191841024465,4.03220895157144,549.015627028815,5.76737888364496e-108,7.888236345124e-104,"CXCL10","T cell","TN - PD",TRUE,103.103020085662
-13.133056449731,3.7984154931829,539.654316819954,3.708705970984e-107,3.80439058503539e-103,"APOBEC3A","T cell","TN - PD",TRUE,102.419714901772
-11.4633918033629,4.5068327166563,498.167587032331,3.50883901145557e-101,2.8794936463609e-97,"S100A9","T cell","TN - PD",TRUE,96.5406838754093
-11.4296489148105,3.40336989688137,480.049559319247,3.4745103077916e-97,2.37610178248842e-93,"LILRB2","T cell","TN - PD",TRUE,92.6241349598919
10.6803701148395,6.18737884172957,439.616569203109,6.9022221271963e-93,4.04588540461598e-89,"TRBC2","T cell","TN - PD",TRUE,88.3929864223185
-3.48009041143475,10.9902583206566,342.805527274471,2.35967036454521e-74,1.21027492997524e-70,"FTL","T cell","TN - PD",TRUE,69.9171159627344
10.8987892870373,5.4578982135755,342.149831337319,2.26784604791538e-73,1.03393621153405e-69,"CD3G","T cell","TN - PD",TRUE,68.9855062541176
-11.6270465757545,3.199861717646,336.10421764895,6.31919635868372e-70,2.5928926498951e-66,"OLR1","T cell","TN - PD",TRUE,65.5862154633785
-1.75998545317073,14.0871425636233,212.240695089306,4.57817863651915e-47,1.87851825813654e-42,"TALAM1","T cell","TN - RD",TRUE,41.726184579483
-1.7567672514994,14.0600372120294,202.892104233685,4.1030189639027e-45,8.41775370634278e-41,"MALAT1","T cell","TN - RD",TRUE,40.0748037853522
1.98067860075529,12.5051889191098,184.176623827254,2.82902354463862e-41,3.86934980278706e-37,"HLA-B","T cell","TN - RD",TRUE,36.4123620067603
2.34541971769156,9.62478638349493,153.294759130332,8.82993438441117e-35,9.05774669152898e-31,"CFL1","T cell","TN - RD",TRUE,30.04297982894
1.53122897013838,11.9033060433474,136.37933408271,3.76960876530975e-31,3.09349173716379e-27,"HLA-A","T cell","TN - RD",TRUE,26.5095510396598
9.56969927119531,3.07880150032738,115.391296226718,1.42130009968034e-26,9.71979761501397e-23,"DDX3Y","T cell","TN - RD",TRUE,22.0123427778307
-10.6427477052746,1.43295843304543,106.811381158493,1.39137256703763e-24,8.1558284529554e-21,"ZNF514","T cell","TN - RD",TRUE,20.0885319176068
-1.96399975231704,8.40525858030559,89.667072439233,3.98878356780027e-21,2.04584709192476e-17,"RPL21","T cell","TN - RD",TRUE,16.6891268288912
12.9411871769073,1.36556769523124,86.9715136911884,2.43537801114967e-20,1.11031589503882e-16,"IGLV3-19","T cell","TN - RD",TRUE,15.9545534428762
-8.1966977210377,1.38676378538635,87.3701010364448,3.11769585334183e-20,1.27925296254322e-16,"MARK2P18","T cell","TN - RD",TRUE,15.8930435685988
-15.3615022228521,8.62735609862372,1178.70627777391,2.15981329826709e-140,8.86214592544952e-136,"C1S","cDC","PD - RD",TRUE,135.052461103086
-16.5936553263371,9.3027385496491,1132.11040551852,2.23493837612727e-130,4.5851995724627e-126,"COL1A2","cDC","PD - RD",TRUE,125.338641756759
-12.923734959597,6.80268755990114,613.362697662079,7.41108013022528e-98,1.01363813301135e-93,"RARRES2","cDC","PD - RD",TRUE,92.9941170596825
-12.9296935281007,6.99295424986252,562.559588370757,2.05147078463818e-91,2.10439873088184e-87,"NNMT","cDC","PD - RD",TRUE,86.6768719687886
-16.6712830152818,9.179168793501,641.866988602237,9.04212931064193e-91,7.42033299748519e-87,"LUM","cDC","PD - RD",TRUE,86.129576604731
-12.6066588412231,6.66688397595305,539.738549616845,3.51765955687529e-89,2.40561011562845e-85,"COL6A2","cDC","PD - RD",TRUE,84.6187747586886
-13.5665419923589,7.64295093155812,540.168804095117,6.66951741807617e-87,3.90948055283573e-83,"BGN","cDC","PD - RD",TRUE,82.4078809428659
-12.6871533772393,7.63043753798163,471.377134051948,8.65730617170332e-80,4.44033233546663e-76,"SPARCL1","cDC","PD - RD",TRUE,75.3525845240165
-15.4548671358063,8.0924412165017,496.207491488154,2.0639744545387e-79,9.40988886873687e-76,"COL1A1","cDC","PD - RD",TRUE,75.0264155055822
-16.4733029231163,8.74978634052243,507.235840341159,6.2252870931332e-78,2.55435980005442e-74,"COL3A1","cDC","PD - RD",TRUE,73.5927179292447
15.4900026497058,8.62735609862372,1174.68126580032,4.15175708210176e-140,1.70354896592799e-135,"C1S","cDC","TN - PD",TRUE,134.768645378781
16.0475542541672,9.3027385496491,1077.58498577156,1.08146854334047e-126,2.21874086351731e-122,"COL1A2","cDC","TN - PD",TRUE,121.653893417965
12.6940035408662,6.80268755990114,590.980662249809,3.11150781965867e-95,4.25571296187449e-91,"RARRES2","cDC","TN - PD",TRUE,90.3710276718967
13.0543872370006,6.99295424986252,559.977230031871,4.18668975463983e-91,4.29470635030954e-87,"NNMT","cDC","TN - PD",TRUE,86.3670665256162
14.2625314032554,7.64295093155812,564.677867903697,9.43494943944883e-90,7.74269690798929e-86,"BGN","cDC","TN - PD",TRUE,85.1111077410934
16.489563803627,9.179168793501,626.642841619533,2.45071629726962e-89,1.67596318515945e-85,"LUM","cDC","TN - PD",TRUE,84.7757355254776
12.3825012343617,6.66688397595305,519.638070176747,1.11574419608803e-86,6.54017369341199e-83,"COL6A2","cDC","TN - PD",TRUE,82.1844107175643
12.4060019180998,7.63043753798163,451.289381400187,3.47297452063717e-77,1.7812886316348e-73,"SPARCL1","cDC","TN - PD",TRUE,72.7492657037989
16.3015658580685,8.74978634052243,495.385676748624,1.19571195163958e-76,5.45138364440834e-73,"COL3A1","cDC","TN - PD",TRUE,72.263493253161
14.8908442035252,8.0924412165017,469.36153450308,2.93582400406167e-76,1.20462730534658e-72,"COL1A1","cDC","TN - PD",TRUE,71.9191472968794
1.71647381302048,11.3043894099448,121.229750175279,2.84883352928658e-26,1.16893337373687e-21,"HLA-B","cDC","TN - RD",TRUE,20.9322102418262
1.33555606999278,10.6870425786934,74.9112849484813,2.60251225668911e-17,5.33931414582339e-13,"HLA-C","cDC","TN - RD",TRUE,12.2725145260827
11.581492264247,0.621731907400628,71.5045029503988,1.29767085438254e-15,1.77486768323415e-11,"ACTC1","cDC","TN - RD",TRUE,10.7508340181487
8.7954308246883,0.849112277101514,61.3276175012601,2.28147040835622e-14,2.34033234489181e-10,"CA2","cDC","TN - RD",TRUE,9.63072246510962
7.41963429926725,1.13049496777879,59.0749406785295,5.01108266262086e-14,3.42691239687765e-10,"ITGA7","cDC","TN - RD",TRUE,9.46509699741983
7.70554806711708,1.23530971923104,59.7914095501463,4.49914519516449e-14,3.42691239687765e-10,"USP9Y","cDC","TN - RD",TRUE,9.46509699741983
9.39384209472762,0.785387143562998,58.6770413063124,8.47035953199779e-14,4.96508274738476e-10,"IDO1","cDC","TN - RD",TRUE,9.30407350921631
8.11265967882257,0.935004747914646,57.188712289744,1.44817002771977e-13,7.42766407217469e-10,"GLYCTK","cDC","TN - RD",TRUE,9.12914774614118
7.40568120226462,1.13962147711436,56.6396650839986,1.85791052715256e-13,8.47042052779153e-10,"DDX3Y","cDC","TN - RD",TRUE,9.07209502787877
8.56310034400833,0.71156884320199,58.8821821230263,2.12075135589256e-13,8.70186696349837e-10,"ATP1A2","cDC","TN - RD",TRUE,9.06038756060435
