id_cp_interaction	interacting_pair	partner_a	partner_b	gene_a	gene_b	secreted	receptor_a	receptor_b	annotation_strategy	is_integrin	directionality	classification	B cell|B cell	B cell|Endothelial	B cell|Epithelial	B cell|Fibroblast	B cell|Macrophage	B cell|Mast cell	B cell|Melanocyte	B cell|T cell	B cell|cDC	B cell|pDC	Endothelial|B cell	Endothelial|Endothelial	Endothelial|Epithelial	Endothelial|Fibroblast	Endothelial|Macrophage	Endothelial|Mast cell	Endothelial|Melanocyte	Endothelial|T cell	Endothelial|cDC	Endothelial|pDC	Epithelial|B cell	Epithelial|Endothelial	Epithelial|Epithelial	Epithelial|Fibroblast	Epithelial|Macrophage	Epithelial|Mast cell	Epithelial|Melanocyte	Epithelial|T cell	Epithelial|cDC	Epithelial|pDC	Fibroblast|B cell	Fibroblast|Endothelial	Fibroblast|Epithelial	Fibroblast|Fibroblast	Fibroblast|Macrophage	Fibroblast|Mast cell	Fibroblast|Melanocyte	Fibroblast|T cell	Fibroblast|cDC	Fibroblast|pDC	Macrophage|B cell	Macrophage|Endothelial	Macrophage|Epithelial	Macrophage|Fibroblast	Macrophage|Macrophage	Macrophage|Mast cell	Macrophage|Melanocyte	Macrophage|T cell	Macrophage|cDC	Macrophage|pDC	Mast cell|B cell	Mast cell|Endothelial	Mast cell|Epithelial	Mast cell|Fibroblast	Mast cell|Macrophage	Mast cell|Mast cell	Mast cell|Melanocyte	Mast cell|T cell	Mast cell|cDC	Mast cell|pDC	Melanocyte|B cell	Melanocyte|Endothelial	Melanocyte|Epithelial	Melanocyte|Fibroblast	Melanocyte|Macrophage	Melanocyte|Mast cell	Melanocyte|Melanocyte	Melanocyte|T cell	Melanocyte|cDC	Melanocyte|pDC	T cell|B cell	T cell|Endothelial	T cell|Epithelial	T cell|Fibroblast	T cell|Macrophage	T cell|Mast cell	T cell|Melanocyte	T cell|T cell	T cell|cDC	T cell|pDC	cDC|B cell	cDC|Endothelial	cDC|Epithelial	cDC|Fibroblast	cDC|Macrophage	cDC|Mast cell	cDC|Melanocyte	cDC|T cell	cDC|cDC	cDC|pDC	pDC|B cell	pDC|Endothelial	pDC|Epithelial	pDC|Fibroblast	pDC|Macrophage	pDC|Mast cell	pDC|Melanocyte	pDC|T cell	pDC|cDC	pDC|pDC	mean_score
CPI-SS0322747C2	CEACAM5_CEACAM6	simple:P06731	simple:P40199	CEACAM5	CEACAM6	False	False	False	curated	False	Adhesion-Adhesion	Adhesion by CEAM	0.0	0.0	0.0	0.0	0.0	0.0	0.0	0.0	0.0	0.0	0.0	0.0	0.0	0.0	0.0	0.0	0.0	0.0	0.0	0.0	0.0	0.0	0.0	0.0	0.0	0.0	0.0	0.0	0.0	0.0	0.0	0.0	0.0	0.0	0.0	0.0	0.0	0.0	0.0	0.0	0.0	0.0	0.0	0.0	0.0	0.0	0.0	0.0	0.0	0.0	0.0	0.0	13.168	0.0	5.456	100.0	7.019	0.0	0.0	0.0	0.0	0.0	0.0	0.0	0.0	0.0	0.0	0.0	0.0	0.0	0.0	0.0	0.0	0.0	0.0	0.0	0.0	0.0	0.0	0.0	0.0	0.0	0.0	0.0	0.0	0.0	0.0	0.0	0.0	0.0	0.0	0.0	0.0	0.0	0.0	0.0	0.0	0.0	0.0	0.0	1.25643
CPI-SS0AC66088D	CEACAM5_CD1D	simple:P06731	simple:P15813	CEACAM5	CD1D	False	False	False	curated	False	Adhesion-Adhesion	Adhesion by CEAM	0.0	0.0	0.0	0.0	0.0	0.0	0.0	0.0	0.0	0.0	0.0	0.0	0.0	0.0	0.0	0.0	0.0	0.0	0.0	0.0	0.0	0.0	0.0	0.0	0.0	0.0	0.0	0.0	0.0	0.0	0.0	0.0	0.0	0.0	0.0	0.0	0.0	0.0	0.0	0.0	0.0	0.0	0.0	0.0	0.0	0.0	0.0	0.0	0.0	0.0	100.0	0.0	0.0	0.0	0.0	0.0	0.0	0.0	0.0	0.0	0.0	0.0	0.0	0.0	0.0	0.0	0.0	0.0	0.0	0.0	0.0	0.0	0.0	0.0	0.0	0.0	0.0	0.0	0.0	0.0	0.0	0.0	0.0	0.0	0.0	0.0	0.0	0.0	0.0	0.0	0.0	0.0	0.0	0.0	0.0	0.0	0.0	0.0	0.0	0.0	1.0
CPI-SS04B37190C	CEACAM5_CD8A	simple:P06731	simple:P01732	CEACAM5	CD8A	True	False	True	curated	False	Adhesion-Adhesion	Adhesion by CEAM	0.0	0.0	0.0	0.0	0.0	0.0	0.0	0.0	0.0	0.0	0.0	0.0	0.0	0.0	0.0	0.0	0.0	0.0	0.0	0.0	0.0	0.0	0.0	0.0	0.0	0.0	0.0	0.0	0.0	0.0	0.0	0.0	0.0	0.0	0.0	0.0	0.0	0.0	0.0	0.0	0.0	0.0	0.0	0.0	0.0	0.0	0.0	0.0	0.0	0.0	0.0	0.0	0.0	0.0	0.0	0.0	0.0	100.0	0.0	0.0	0.0	0.0	0.0	0.0	0.0	0.0	0.0	0.0	0.0	0.0	0.0	0.0	0.0	0.0	0.0	0.0	0.0	0.0	0.0	0.0	0.0	0.0	0.0	0.0	0.0	0.0	0.0	0.0	0.0	0.0	0.0	0.0	0.0	0.0	0.0	0.0	0.0	0.0	0.0	0.0	1.0
CPI-SS0B537DD3F	CEACAM5_CEACAM1	simple:P06731	simple:P13688	CEACAM5	CEACAM1	True	False	False	curated	False	Adhesion-Adhesion	Adhesion by CEAM	0.0	0.0	0.0	0.0	0.0	0.0	0.0	0.0	0.0	0.0	0.0	0.0	0.0	0.0	0.0	0.0	0.0	0.0	0.0	0.0	0.0	0.0	0.0	0.0	0.0	0.0	0.0	0.0	0.0	0.0	0.0	0.0	0.0	0.0	0.0	0.0	0.0	0.0	0.0	0.0	0.0	0.0	0.0	0.0	0.0	0.0	0.0	0.0	0.0	0.0	0.0	0.0	16.646	35.042	15.671	100.0	45.453	0.0	0.0	34.12	0.0	0.0	0.0	0.0	0.0	0.0	0.0	0.0	0.0	0.0	0.0	0.0	0.0	0.0	0.0	0.0	0.0	0.0	0.0	0.0	0.0	0.0	0.0	0.0	0.0	0.0	0.0	0.0	0.0	0.0	0.0	0.0	0.0	0.0	0.0	0.0	0.0	0.0	0.0	0.0	2.46932
CPI-SC0A6D5D2B1	MMP2_integrin_aVb3_complex	simple:P08253	complex:integrin_aVb3_complex	MMP2		True	False	False	curated	True	Ligand-Receptor		0.0	0.0	0.0	0.0	0.0	0.0	0.0	0.0	0.0	0.0	0.0	0.0	0.0	0.0	0.0	0.0	0.0	0.0	0.0	7.728	0.0	0.0	0.0	0.0	0.0	0.0	0.0	0.0	0.0	0.0	0.0	0.0	0.0	0.0	0.0	0.0	0.0	0.0	0.0	1.691	0.0	0.0	0.0	0.0	0.0	0.0	0.0	0.0	0.0	0.0	0.0	0.0	0.0	0.0	0.0	0.0	0.0	0.0	0.0	0.0	0.0	0.0	0.0	0.0	0.0	0.0	0.0	0.0	0.0	0.0	0.0	0.0	0.0	0.0	0.0	0.0	0.0	0.0	0.0	0.0	0.0	0.0	0.0	0.0	0.0	0.0	0.0	0.0	0.0	100.0	0.0	0.0	0.0	0.0	0.0	0.0	0.0	0.0	0.0	41.26	1.50679
CPI-SS052119104	AREG_EGFR	simple:P15514	simple:P00533	AREG	EGFR	True	False	True	curated	False	Ligand-Receptor	Signaling by Epidermal growth factor	0.0	0.0	23.486	28.381	62.992	100.0	92.017	0.0	80.276	34.139	0.0	0.0	1.698	2.052	4.555	7.231	6.654	0.0	5.805	2.469	0.0	0.0	12.271	14.829	32.912	52.248	48.077	0.0	41.943	17.837	0.0	0.0	10.884	13.152	29.192	46.341	42.642	0.0	37.201	15.82	0.0	0.0	18.36	22.187	49.244	78.175	71.934	0.0	62.755	26.688	0.0	0.0	21.144	25.552	56.712	90.029	82.842	0.0	72.272	30.735	0.0	0.0	2.834	3.425	7.602	12.068	11.104	0.0	9.687	4.12	0.0	0.0	6.823	8.245	18.299	29.05	26.731	0.0	23.32	9.917	0.0	0.0	0.0	0.0	0.0	0.0	0.0	0.0	0.0	0.0	0.0	0.0	2.182	2.636	5.851	9.289	8.547	0.0	7.457	3.171	17.88091
CPI-SS0CC966B71	BTC_EGFR	simple:P35070	simple:P00533	BTC	EGFR	True	False	True	curated	False	Ligand-Receptor	Signaling by Epidermal growth factor	0.0	0.0	0.0	0.0	0.0	0.0	0.0	0.0	0.0	0.0	0.0	0.0	0.0	0.0	0.0	0.0	0.0	0.0	0.0	0.0	0.0	0.0	1.353	1.635	3.628	5.76	5.3	0.0	4.624	1.966	0.0	0.0	0.0	0.0	0.0	0.0	0.0	0.0	0.0	0.0	0.0	0.0	0.0	0.0	0.0	0.0	0.0	0.0	0.0	0.0	0.0	0.0	23.486	28.381	62.992	100.0	92.017	0.0	80.276	34.139	0.0	0.0	19.557	23.634	52.455	83.272	76.625	0.0	66.848	28.428	0.0	0.0	0.0	0.0	0.0	0.0	0.0	0.0	0.0	0.0	0.0	0.0	0.0	0.0	0.0	0.0	0.0	0.0	0.0	0.0	0.0	0.0	0.0	0.0	0.0	0.0	0.0	0.0	0.0	0.0	7.963760000000001
CPI-SS09947DDD9	EGF_EGFR	simple:P01133	simple:P00533	EGF	EGFR	True	False	True	curated	False	Ligand-Receptor	Signaling by Epidermal growth factor	0.0	0.0	0.0	0.0	0.0	0.0	0.0	0.0	0.0	0.0	0.0	0.0	0.0	0.0	0.0	0.0	0.0	0.0	0.0	0.0	0.0	0.0	0.0	0.0	0.0	0.0	0.0	0.0	0.0	0.0	0.0	0.0	0.0	0.0	0.0	0.0	0.0	0.0	0.0	0.0	0.0	0.0	0.0	0.0	0.0	0.0	0.0	0.0	0.0	0.0	0.0	0.0	0.0	0.0	0.0	0.0	0.0	0.0	0.0	0.0	0.0	0.0	0.0	0.0	0.0	0.0	0.0	0.0	0.0	0.0	0.0	0.0	0.0	0.0	0.0	0.0	0.0	0.0	0.0	0.0	0.0	0.0	0.0	0.0	0.0	0.0	0.0	0.0	0.0	0.0	0.0	0.0	0.0	0.0	0.0	0.0	0.0	0.0	0.0	0.0	0.0
CPI-SS060790CF0	EPGN_EGFR	simple:Q6UW88	simple:P00533	EPGN	EGFR	True	False	True	curated	False	Ligand-Receptor	Signaling by Epidermal growth factor	0.0	0.0	0.0	0.0	0.0	0.0	0.0	0.0	0.0	0.0	0.0	0.0	0.0	0.0	0.0	0.0	0.0	0.0	0.0	0.0	0.0	0.0	0.0	0.0	0.0	0.0	0.0	0.0	0.0	0.0	0.0	0.0	0.0	0.0	0.0	0.0	0.0	0.0	0.0	0.0	0.0	0.0	0.0	0.0	0.0	0.0	0.0	0.0	0.0	0.0	0.0	0.0	0.0	0.0	0.0	0.0	0.0	0.0	0.0	0.0	0.0	0.0	0.0	0.0	0.0	0.0	0.0	0.0	0.0	0.0	0.0	0.0	0.0	0.0	0.0	0.0	0.0	0.0	0.0	0.0	0.0	0.0	0.0	0.0	0.0	0.0	0.0	0.0	0.0	0.0	0.0	0.0	0.0	0.0	0.0	0.0	0.0	0.0	0.0	0.0	0.0
CPI-SS004C23DCE	EREG_EGFR	simple:O14944	simple:P00533	EREG	EGFR	True	False	True	curated	False	Ligand-Receptor	Signaling by Epidermal growth factor	0.0	0.0	23.486	28.381	62.992	100.0	92.017	0.0	80.276	34.139	0.0	0.0	0.0	0.0	0.0	0.0	0.0	0.0	0.0	0.0	0.0	0.0	7.209	8.712	19.335	30.694	28.244	0.0	24.64	10.479	0.0	0.0	0.0	0.0	0.0	0.0	0.0	0.0	0.0	0.0	0.0	0.0	0.0	0.0	0.0	0.0	0.0	0.0	0.0	0.0	0.0	0.0	12.07	14.586	32.373	51.392	47.289	0.0	41.255	17.544	0.0	0.0	0.0	0.0	0.0	0.0	0.0	0.0	0.0	0.0	0.0	0.0	9.174	11.087	24.607	39.064	35.945	0.0	31.359	13.336	0.0	0.0	0.0	0.0	0.0	0.0	0.0	0.0	0.0	0.0	0.0	0.0	0.0	0.0	0.0	0.0	0.0	0.0	0.0	0.0	9.316850000000002
CPI-SS09B2ACA25	HBEGF_EGFR	simple:Q99075	simple:P00533	HBEGF	EGFR	True	True	True	curated	False	Ligand-Receptor	Signaling by Epidermal growth factor	0.0	0.0	19.585	23.668	52.531	83.392	76.735	0.0	66.944	28.469	0.0	0.0	0.0	0.0	0.0	0.0	0.0	0.0	0.0	0.0	0.0	0.0	3.695	4.465	9.91	15.732	14.476	0.0	12.629	5.371	0.0	0.0	0.255	0.309	0.685	1.088	1.001	0.0	0.873	0.371	0.0	0.0	7.758	9.375	20.809	33.033	30.396	0.0	26.518	11.277	0.0	0.0	13.274	16.041	35.603	56.519	52.007	0.0	45.371	19.295	0.0	0.0	23.486	28.381	62.992	100.0	92.017	0.0	80.276	34.139	0.0	0.0	7.712	9.319	20.684	32.836	30.214	0.0	26.359	11.21	0.0	0.0	3.2	3.867	8.582	13.624	12.536	0.0	10.937	4.651	0.0	0.0	5.011	6.055	13.44	21.335	19.632	0.0	17.127	7.284	15.06366
CPI-SS07E5C3060	TGFA_EGFR	simple:P01135	simple:P00533	TGFA	EGFR	True	False	True	curated	False	Ligand-Receptor	Signaling by Transforming growth factor	0.0	0.0	0.0	0.0	0.0	0.0	0.0	0.0	0.0	0.0	0.0	0.0	0.0	0.0	0.0	0.0	0.0	0.0	0.0	0.0	0.0	0.0	0.0	0.0	0.0	0.0	0.0	0.0	0.0	0.0	0.0	0.0	0.0	0.0	0.0	0.0	0.0	0.0	0.0	0.0	0.0	0.0	0.0	0.0	0.0	0.0	0.0	0.0	0.0	0.0	0.0	0.0	0.0	0.0	0.0	0.0	0.0	0.0	0.0	0.0	0.0	0.0	0.0	0.0	0.0	0.0	0.0	0.0	0.0	0.0	0.0	0.0	0.0	0.0	0.0	0.0	0.0	0.0	0.0	0.0	0.0	0.0	0.0	0.0	0.0	0.0	0.0	0.0	0.0	0.0	0.0	0.0	0.0	0.0	0.0	0.0	0.0	0.0	0.0	0.0	0.0
CPI-SC02DEB4893	IFNG_Type_II_IFNR	simple:P01579	complex:Type_II_IFNR	IFNG		True	False	True	curated	False	Ligand-Receptor	Signaling by Interferon	0.0	0.0	0.0	0.0	0.0	0.0	0.0	0.0	0.0	0.0	0.0	0.0	0.0	0.0	0.0	0.0	0.0	0.0	0.0	0.0	100.0	42.816	0.124	78.136	0.0	62.779	37.024	36.585	23.623	22.258	0.0	0.0	0.0	0.0	0.0	0.0	0.0	0.0	0.0	0.0	0.0	0.0	0.0	0.0	0.0	0.0	0.0	0.0	0.0	0.0	0.0	0.0	0.0	0.0	0.0	0.0	0.0	0.0	0.0	0.0	0.0	0.0	0.0	0.0	0.0	0.0	0.0	0.0	0.0	0.0	89.183	38.185	0.111	69.684	0.0	55.988	33.019	32.627	21.067	19.85	0.0	0.0	0.0	0.0	0.0	0.0	0.0	0.0	0.0	0.0	0.0	0.0	0.0	0.0	0.0	0.0	0.0	0.0	0.0	0.0	7.630589999999999
CPI-CC0010C54C6	atRetinoicAcid_byALDH1A1_RAreceptor_RARA	complex:atRetinoicAcid_byALDH1A1	complex:RAreceptor_RARA			True	False	True	curated	False	Ligand-Receptor	Signaling by Retinoic Acid	0.0	0.0	12.271	0.0	0.0	48.044	0.0	0.0	24.836	0.0	0.0	0.0	0.0	0.0	0.0	0.0	0.0	0.0	0.0	0.0	0.0	0.0	25.542	0.0	0.0	100.0	0.0	0.0	51.693	0.0	0.0	0.0	18.482	0.0	0.0	72.362	0.0	0.0	37.406	0.0	0.0	0.0	5.929	0.0	0.0	23.212	0.0	0.0	11.999	0.0	0.0	0.0	14.23	0.0	0.0	55.715	0.0	0.0	28.801	0.0	0.0	0.0	12.175	0.0	0.0	47.667	0.0	0.0	24.641	0.0	0.0	0.0	0.0	0.0	0.0	0.0	0.0	0.0	0.0	0.0	0.0	0.0	11.165	0.0	0.0	43.714	0.0	0.0	22.597	0.0	0.0	0.0	15.845	0.0	0.0	62.037	0.0	0.0	32.069	0.0	8.024319999999998
CPI-CC048F01E8D	atRetinoicAcid_byALDH1A1_RAreceptor_RARA_RXRA	complex:atRetinoicAcid_byALDH1A1	complex:RAreceptor_RARA_RXRA			True	False	True	curated	False	Ligand-Receptor	Signaling by Retinoic Acid	0.0	0.0	24.157	0.0	0.0	48.044	0.0	0.0	31.248	0.0	0.0	0.0	0.0	0.0	0.0	0.0	0.0	0.0	0.0	0.0	0.0	0.0	50.281	0.0	0.0	100.0	0.0	0.0	65.039	0.0	0.0	0.0	36.385	0.0	0.0	72.362	0.0	0.0	47.064	0.0	0.0	0.0	11.671	0.0	0.0	23.212	0.0	0.0	15.097	0.0	0.0	0.0	28.014	0.0	0.0	55.715	0.0	0.0	36.236	0.0	0.0	0.0	23.968	0.0	0.0	47.667	0.0	0.0	31.002	0.0	0.0	0.0	0.0	0.0	0.0	0.0	0.0	0.0	0.0	0.0	0.0	0.0	21.98	0.0	0.0	43.714	0.0	0.0	28.431	0.0	0.0	0.0	31.193	0.0	0.0	62.037	0.0	0.0	40.348	0.0	9.74865
CPI-CC06F5021B7	atRetinoicAcid_byALDH1A1_RAreceptor_RARB	complex:atRetinoicAcid_byALDH1A1	complex:RAreceptor_RARB			True	False	True	curated	False	Ligand-Receptor	Signaling by Retinoic Acid	0.0	0.0	0.0	0.0	0.0	0.0	0.0	0.0	48.044	0.0	0.0	0.0	0.0	0.0	0.0	0.0	0.0	0.0	0.0	0.0	0.0	0.0	0.0	0.0	0.0	0.0	0.0	0.0	100.0	0.0	0.0	0.0	0.0	0.0	0.0	0.0	0.0	0.0	72.362	0.0	0.0	0.0	0.0	0.0	0.0	0.0	0.0	0.0	23.212	0.0	0.0	0.0	0.0	0.0	0.0	0.0	0.0	0.0	55.715	0.0	0.0	0.0	0.0	0.0	0.0	0.0	0.0	0.0	47.667	0.0	0.0	0.0	0.0	0.0	0.0	0.0	0.0	0.0	0.0	0.0	0.0	0.0	0.0	0.0	0.0	0.0	0.0	0.0	43.714	0.0	0.0	0.0	0.0	0.0	0.0	0.0	0.0	0.0	62.037	0.0	4.5275099999999995
CPI-CC036F9AC3C	atRetinoicAcid_byALDH1A1_RAreceptor_RARB_RXRB	complex:atRetinoicAcid_byALDH1A1	complex:RAreceptor_RARB_RXRB			True	False	True	curated	False	Ligand-Receptor	Signaling by Retinoic Acid	0.0	0.0	0.0	0.0	0.0	0.0	0.0	0.0	48.044	0.0	0.0	0.0	0.0	0.0	0.0	0.0	0.0	0.0	0.0	0.0	0.0	0.0	0.0	0.0	0.0	0.0	0.0	0.0	100.0	0.0	0.0	0.0	0.0	0.0	0.0	0.0	0.0	0.0	72.362	0.0	0.0	0.0	0.0	0.0	0.0	0.0	0.0	0.0	23.212	0.0	0.0	0.0	0.0	0.0	0.0	0.0	0.0	0.0	55.715	0.0	0.0	0.0	0.0	0.0	0.0	0.0	0.0	0.0	47.667	0.0	0.0	0.0	0.0	0.0	0.0	0.0	0.0	0.0	0.0	0.0	0.0	0.0	0.0	0.0	0.0	0.0	0.0	0.0	43.714	0.0	0.0	0.0	0.0	0.0	0.0	0.0	0.0	0.0	62.037	0.0	4.5275099999999995
CPI-CC065AB1F5E	atRetinoicAcid_byALDH1A1_RAreceptor_RARG	complex:atRetinoicAcid_byALDH1A1	complex:RAreceptor_RARG			True	False	True	curated	False	Ligand-Receptor	Signaling by Retinoic Acid	0.0	0.0	13.051	0.0	0.0	48.044	0.0	0.0	29.195	0.0	0.0	0.0	0.0	0.0	0.0	0.0	0.0	0.0	0.0	0.0	0.0	0.0	27.165	0.0	0.0	100.0	0.0	0.0	60.767	0.0	0.0	0.0	19.657	0.0	0.0	72.362	0.0	0.0	43.973	0.0	0.0	0.0	6.305	0.0	0.0	23.212	0.0	0.0	14.105	0.0	0.0	0.0	15.135	0.0	0.0	55.715	0.0	0.0	33.856	0.0	0.0	0.0	12.949	0.0	0.0	47.667	0.0	0.0	28.966	0.0	0.0	0.0	0.0	0.0	0.0	0.0	0.0	0.0	0.0	0.0	0.0	0.0	11.875	0.0	0.0	43.714	0.0	0.0	26.564	0.0	0.0	0.0	16.852	0.0	0.0	62.037	0.0	0.0	37.698	0.0	8.50864
CPI-CC01AF691C1	atRetinoicAcid_byALDH1A1_RAreceptor_RARG_RXRG	complex:atRetinoicAcid_byALDH1A1	complex:RAreceptor_RARG_RXRG			True	False	True	curated	False	Ligand-Receptor	Signaling by Retinoic Acid	0.0	0.0	0.0	0.0	0.0	0.0	0.0	0.0	0.0	0.0	0.0	0.0	0.0	0.0	0.0	0.0	0.0	0.0	0.0	0.0	0.0	0.0	0.0	0.0	0.0	0.0	0.0	0.0	0.0	0.0	0.0	0.0	0.0	0.0	0.0	0.0	0.0	0.0	0.0	0.0	0.0	0.0	0.0	0.0	0.0	0.0	0.0	0.0	0.0	0.0	0.0	0.0	0.0	0.0	0.0	0.0	0.0	0.0	0.0	0.0	0.0	0.0	0.0	0.0	0.0	0.0	0.0	0.0	0.0	0.0	0.0	0.0	0.0	0.0	0.0	0.0	0.0	0.0	0.0	0.0	0.0	0.0	0.0	0.0	0.0	0.0	0.0	0.0	0.0	0.0	0.0	0.0	0.0	0.0	0.0	0.0	0.0	0.0	0.0	0.0	0.0
CPI-CC0A31C8D8B	atRetinoicAcid_byALDH1A1_RAreceptor_RXRA	complex:atRetinoicAcid_byALDH1A1	complex:RAreceptor_RXRA			True	False	True	curated	False	Ligand-Receptor	Signaling by Retinoic Acid	0.0	0.0	27.507	0.0	0.0	48.044	0.0	0.0	40.285	0.0	0.0	0.0	0.0	0.0	0.0	0.0	0.0	0.0	0.0	0.0	0.0	0.0	57.253	0.0	0.0	100.0	0.0	0.0	83.849	0.0	0.0	0.0	41.429	0.0	0.0	72.362	0.0	0.0	60.675	0.0	0.0	0.0	13.29	0.0	0.0	23.212	0.0	0.0	19.463	0.0	0.0	0.0	31.898	0.0	0.0	55.715	0.0	0.0	46.716	0.0	0.0	0.0	27.291	0.0	0.0	47.667	0.0	0.0	39.968	0.0	0.0	0.0	0.0	0.0	0.0	0.0	0.0	0.0	0.0	0.0	0.0	0.0	25.027	0.0	0.0	43.714	0.0	0.0	36.654	0.0	0.0	0.0	35.518	0.0	0.0	62.037	0.0	0.0	52.018	0.0	10.915920000000002
CPI-CC0A06D2C2D	atRetinoicAcid_byALDH1A1_RAreceptor_RXRB	complex:atRetinoicAcid_byALDH1A1	complex:RAreceptor_RXRB			True	False	True	curated	False	Ligand-Receptor	Signaling by Retinoic Acid	0.0	0.0	14.243	0.0	0.0	48.044	0.0	0.0	45.196	0.0	0.0	0.0	0.0	0.0	0.0	0.0	0.0	0.0	0.0	0.0	0.0	0.0	29.645	0.0	0.0	100.0	0.0	0.0	94.071	0.0	0.0	0.0	21.452	0.0	0.0	72.362	0.0	0.0	68.072	0.0	0.0	0.0	6.881	0.0	0.0	23.212	0.0	0.0	21.836	0.0	0.0	0.0	16.517	0.0	0.0	55.715	0.0	0.0	52.411	0.0	0.0	0.0	14.131	0.0	0.0	47.667	0.0	0.0	44.841	0.0	0.0	0.0	0.0	0.0	0.0	0.0	0.0	0.0	0.0	0.0	0.0	0.0	12.959	0.0	0.0	43.714	0.0	0.0	41.122	0.0	0.0	0.0	18.391	0.0	0.0	62.037	0.0	0.0	58.359	0.0	10.12878
CPI-CC0E829C954	atRetinoicAcid_byALDH1A1_RAreceptor_RXRG	complex:atRetinoicAcid_byALDH1A1	complex:RAreceptor_RXRG			True	False	True	curated	False	Ligand-Receptor	Signaling by Retinoic Acid	0.0	0.0	0.0	0.0	0.0	0.0	0.0	0.0	0.0	0.0	0.0	0.0	0.0	0.0	0.0	0.0	0.0	0.0	0.0	0.0	0.0	0.0	0.0	0.0	0.0	0.0	0.0	0.0	0.0	0.0	0.0	0.0	0.0	0.0	0.0	0.0	0.0	0.0	0.0	0.0	0.0	0.0	0.0	0.0	0.0	0.0	0.0	0.0	0.0	0.0	0.0	0.0	0.0	0.0	0.0	0.0	0.0	0.0	0.0	0.0	0.0	0.0	0.0	0.0	0.0	0.0	0.0	0.0	0.0	0.0	0.0	0.0	0.0	0.0	0.0	0.0	0.0	0.0	0.0	0.0	0.0	0.0	0.0	0.0	0.0	0.0	0.0	0.0	0.0	0.0	0.0	0.0	0.0	0.0	0.0	0.0	0.0	0.0	0.0	0.0	0.0
CPI-CS08EE9E5CE	atRetinoicAcid_byALDH1A1_RORB	complex:atRetinoicAcid_byALDH1A1	simple:Q92753		RORB	True	False	True	curated	False	Ligand-Receptor	Signaling by Retinoic Acid	0.0	0.0	0.0	0.0	0.0	0.0	48.044	0.0	0.0	0.0	0.0	0.0	0.0	0.0	0.0	0.0	0.0	0.0	0.0	0.0	0.0	0.0	0.0	0.0	0.0	0.0	100.0	0.0	0.0	0.0	0.0	0.0	0.0	0.0	0.0	0.0	72.362	0.0	0.0	0.0	0.0	0.0	0.0	0.0	0.0	0.0	23.212	0.0	0.0	0.0	0.0	0.0	0.0	0.0	0.0	0.0	55.715	0.0	0.0	0.0	0.0	0.0	0.0	0.0	0.0	0.0	47.667	0.0	0.0	0.0	0.0	0.0	0.0	0.0	0.0	0.0	0.0	0.0	0.0	0.0	0.0	0.0	0.0	0.0	0.0	0.0	43.714	0.0	0.0	0.0	0.0	0.0	0.0	0.0	0.0	0.0	62.037	0.0	0.0	0.0	4.5275099999999995
CPI-SS0D7DB794A	CD274_CD80	simple:Q9NZQ7	simple:P33681	CD274	CD80	False	True	True	curated	False	Ligand-Receptor		11.333	0.0	0.0	0.0	0.0	0.0	0.0	0.0	0.0	0.0	4.154	0.0	0.0	0.0	0.0	0.0	0.0	0.0	0.0	0.0	1.939	0.0	0.0	0.0	0.0	0.0	0.0	0.0	0.0	0.0	28.026	0.0	0.0	0.0	0.0	0.0	0.0	0.0	0.0	0.0	11.855	0.0	0.0	0.0	0.0	0.0	0.0	0.0	0.0	0.0	50.605	0.0	0.0	0.0	0.0	0.0	0.0	0.0	0.0	0.0	6.871	0.0	0.0	0.0	0.0	0.0	0.0	0.0	0.0	0.0	7.719	0.0	0.0	0.0	0.0	0.0	0.0	0.0	0.0	0.0	0.0	0.0	0.0	0.0	0.0	0.0	0.0	0.0	0.0	0.0	100.0	0.0	0.0	0.0	0.0	0.0	0.0	0.0	0.0	0.0	2.22502
CPI-SS09D4B2070	CD274_PDCD1	simple:Q9NZQ7	simple:Q15116	CD274	PDCD1	False	True	True	curated	False	Ligand-Receptor		0.0	0.0	9.432	0.0	0.0	0.0	0.0	11.333	6.198	0.0	0.0	0.0	3.457	0.0	0.0	0.0	0.0	4.154	2.272	0.0	0.0	0.0	1.614	0.0	0.0	0.0	0.0	1.939	1.061	0.0	0.0	0.0	23.324	0.0	0.0	0.0	0.0	28.026	15.327	0.0	0.0	0.0	9.866	0.0	0.0	0.0	0.0	11.855	6.483	0.0	0.0	0.0	42.115	0.0	0.0	0.0	0.0	50.605	27.675	0.0	0.0	0.0	5.718	0.0	0.0	0.0	0.0	6.871	3.757	0.0	0.0	0.0	6.424	0.0	0.0	0.0	0.0	7.719	4.222	0.0	0.0	0.0	0.0	0.0	0.0	0.0	0.0	0.0	0.0	0.0	0.0	0.0	83.223	0.0	0.0	0.0	0.0	100.0	54.689	0.0	5.293589999999999
CPI-SS08DF7B12C	PDCD1LG2_PDCD1	simple:Q9BQ51	simple:Q15116	PDCD1LG2	PDCD1	True	True	True	curated	False	Ligand-Receptor		0.0	0.0	0.0	0.0	0.0	0.0	0.0	0.0	0.0	0.0	0.0	0.0	0.0	0.0	0.0	0.0	0.0	0.0	0.0	0.0	0.0	0.0	0.0	0.0	0.0	0.0	0.0	0.0	0.0	0.0	0.0	0.0	0.0	0.0	0.0	0.0	0.0	0.0	0.0	0.0	0.0	0.0	0.0	0.0	0.0	0.0	0.0	0.0	0.0	0.0	0.0	0.0	0.0	0.0	0.0	0.0	0.0	0.0	0.0	0.0	0.0	0.0	0.0	0.0	0.0	0.0	0.0	0.0	0.0	0.0	0.0	0.0	0.0	0.0	0.0	0.0	0.0	0.0	0.0	0.0	0.0	0.0	0.0	0.0	0.0	0.0	0.0	0.0	0.0	0.0	0.0	0.0	83.223	0.0	0.0	0.0	0.0	100.0	54.689	0.0	2.37912
CPI-SS0B1650B85	CD93_IFNGR1	simple:Q9NPY3	simple:P15260	CD93	IFNGR1	False	True	True	curated	False	Ligand-Receptor		41.255	30.948	24.452	76.394	0.0	35.707	37.519	66.15	30.004	21.452	39.692	29.775	23.526	73.5	0.0	34.354	36.098	63.644	28.867	20.639	0.0	0.0	0.0	0.0	0.0	0.0	0.0	0.0	0.0	0.0	21.525	16.147	12.758	39.858	0.0	18.63	19.575	34.514	15.655	11.192	0.0	0.0	0.0	0.0	0.0	0.0	0.0	0.0	0.0	0.0	0.0	0.0	0.0	0.0	0.0	0.0	0.0	0.0	0.0	0.0	0.0	0.0	0.0	0.0	0.0	0.0	0.0	0.0	0.0	0.0	6.98	5.236	4.137	12.926	0.0	6.041	6.348	11.192	5.077	3.63	0.0	0.0	0.0	0.0	0.0	0.0	0.0	0.0	0.0	0.0	54.003	40.51	32.008	100.0	0.0	46.74	49.112	86.591	39.275	28.08	14.41716
