cell	cell_type
TN_SRR10777230	Mast cell
TN_SRR10777231	Macrophage
TN_SRR10777232	Endothelial
TN_SRR10777279	Endothelial
TN_SRR10777369	Endothelial
TN_SRR10777488	T cell
TN_SRR10777489	B cell
TN_SRR10777490	B cell
TN_SRR10777538	B cell
TN_SRR10777592	B cell
TN_SRR10777593	B cell
TN_SRR10777656	T cell
TN_SRR10777657	T cell
TN_SRR10777727	Fibroblast
TN_SRR10777791	T cell
TN_SRR10777793	T cell
TN_SRR10777889	Mast cell
TN_SRR10777949	T cell
TN_SRR10778014	T cell
TN_SRR10778016	T cell
TN_SRR10778254	Endothelial
TN_SRR10778255	Endothelial
TN_SRR10778313	Macrophage
TN_SRR10778660	T cell
TN_SRR10778706	T cell
TN_SRR10778707	T cell
TN_SRR10778769	T cell
TN_SRR10778770	B cell
TN_SRR10778828	T cell
TN_SRR10778892	B cell
TN_SRR10778953	Macrophage
TN_SRR10779005	Mast cell
TN_SRR10779069	Mast cell
TN_SRR10779070	Macrophage
TN_SRR10779132	cDC
TN_SRR10779134	Mast cell
TN_SRR10779195	Mast cell
TN_SRR10779252	cDC
TN_SRR10779253	Mast cell
TN_SRR10779312	cDC
TN_SRR10779313	Endothelial
TN_SRR10779378	Macrophage
TN_SRR10779436	Endothelial
TN_SRR10779497	Mast cell
TN_SRR10779554	Endothelial
TN_SRR10779610	B cell
TN_SRR10779611	Fibroblast
TN_SRR10779612	B cell
TN_SRR10779662	Fibroblast
TN_SRR10779663	B cell
TN_SRR10779664	B cell
TN_SRR10779693	Epithelial
TN_SRR10779694	T cell
TN_SRR10779801	T cell
TN_SRR10779932	T cell
TN_SRR10779934	T cell
TN_SRR10780011	Fibroblast
TN_SRR10780073	B cell
TN_SRR10780252	cDC
TN_SRR10780253	cDC
TN_SRR10780312	Mast cell
TN_SRR10780502	Endothelial
TN_SRR10780724	T cell
TN_SRR10780725	Fibroblast
TN_SRR10780778	B cell
TN_SRR10780779	T cell
TN_SRR10780837	Epithelial
TN_SRR10780838	T cell
TN_SRR10780906	Epithelial
TN_SRR10781042	T cell
TN_SRR10781285	T cell
TN_SRR10781286	Fibroblast
TN_SRR10781543	cDC
TN_SRR10781664	Endothelial
TN_SRR10781665	Mast cell
TN_SRR10781793	Mast cell
TN_SRR10781794	Macrophage
TN_SRR10781915	Macrophage
TN_SRR10781916	Endothelial
TN_SRR10781977	Macrophage
TN_SRR10782032	T cell
TN_SRR10782088	T cell
TN_SRR10782154	Fibroblast
TN_SRR10782156	B cell
TN_SRR10782213	T cell
TN_SRR10782214	T cell
TN_SRR10782277	T cell
TN_SRR10782345	T cell
TN_SRR10782346	T cell
TN_SRR10782408	T cell
TN_SRR10782470	T cell
TN_SRR10782471	T cell
TN_SRR10782472	B cell
TN_SRR10782605	T cell
TN_SRR10782606	T cell
TN_SRR10782908	Endothelial
TN_SRR10783043	Endothelial
TN_SRR10783175	Macrophage
TN_SRR10783230	Mast cell
TN_SRR10783289	Endothelial
TN_SRR10783290	Mast cell
TN_SRR10783354	T cell
TN_SRR10783355	Fibroblast
TN_SRR10783393	B cell
TN_SRR10783394	T cell
TN_SRR10783463	B cell
TN_SRR10783526	T cell
TN_SRR10783527	T cell
TN_SRR10783578	T cell
TN_SRR10783579	T cell
TN_SRR10783646	T cell
TN_SRR10783647	Fibroblast
TN_SRR10783776	B cell
TN_SRR10783777	T cell
TN_SRR10783778	Macrophage
TN_SRR10783936	Endothelial
TN_SRR10784061	cDC
TN_SRR10784062	cDC
TN_SRR10784237	T cell
TN_SRR10784238	Fibroblast
TN_SRR10784239	T cell
TN_SRR10784273	Fibroblast
TN_SRR10784274	B cell
TN_SRR10784332	T cell
TN_SRR10784334	T cell
TN_SRR10784396	Fibroblast
TN_SRR10784397	T cell
TN_SRR10784398	T cell
TN_SRR10784441	B cell
TN_SRR10784442	T cell
TN_SRR10784503	Fibroblast
TN_SRR10784504	T cell
TN_SRR10784505	Fibroblast
TN_SRR10784630	T cell
TN_SRR10784631	B cell
TN_SRR10784763	Fibroblast
TN_SRR10784884	Endothelial
TN_SRR10784953	Macrophage
TN_SRR10784954	cDC
TN_SRR10784980	Endothelial
TN_SRR10784981	cDC
TN_SRR10785038	Mast cell
TN_SRR10785039	Mast cell
TN_SRR10785087	B cell
TN_SRR10785088	B cell
TN_SRR10785135	B cell
TN_SRR10785136	T cell
TN_SRR10785137	T cell
TN_SRR10785261	T cell
TN_SRR10785263	T cell
TN_SRR10785336	T cell
TN_SRR10785337	T cell
TN_SRR10785399	T cell
TN_SRR10785400	T cell
TN_SRR10785689	cDC
TN_SRR10785690	Mast cell
TN_SRR10785773	cDC
TN_SRR10785774	cDC
TN_SRR10785829	Mast cell
TN_SRR10785881	T cell
TN_SRR10785939	Fibroblast
TN_SRR10786011	T cell
TN_SRR10786078	B cell
TN_SRR10786079	T cell
TN_SRR10786117	Macrophage
TN_SRR10786119	T cell
TN_SRR10786182	B cell
TN_SRR10786183	B cell
TN_SRR10786252	T cell
TN_SRR10786383	T cell
TN_SRR10786384	T cell
TN_SRR10786459	T cell
TN_SRR10786525	T cell
TN_SRR10786696	Mast cell
TN_SRR10786867	Mast cell
TN_SRR10786926	Mast cell
TN_SRR10786927	Endothelial
TN_SRR10787035	cDC
TN_SRR10787094	Macrophage
TN_SRR10787148	T cell
TN_SRR10787205	T cell
TN_SRR10787206	T cell
TN_SRR10787207	T cell
TN_SRR10787260	Fibroblast
TN_SRR10787261	T cell
TN_SRR10787262	T cell
TN_SRR10787322	T cell
TN_SRR10787324	T cell
TN_SRR10787383	T cell
TN_SRR10787384	T cell
TN_SRR10787448	B cell
TN_SRR10787450	Macrophage
TN_SRR10787571	Fibroblast
TN_SRR10787572	B cell
TN_SRR10787631	Macrophage
TN_SRR10787695	Fibroblast
TN_SRR10787696	T cell
TN_SRR10787768	B cell
TN_SRR10787769	T cell
TN_SRR10787828	B cell
TN_SRR10787829	Fibroblast
TN_SRR10787890	Macrophage
TN_SRR10788010	Endothelial
TN_SRR10788062	Macrophage
TN_SRR10788063	Macrophage
TN_SRR10788114	Macrophage
TN_SRR10788141	Endothelial
TN_SRR10788245	cDC
TN_SRR10788346	T cell
TN_SRR10788348	T cell
TN_SRR10788416	T cell
TN_SRR10788418	B cell
TN_SRR10788486	Macrophage
TN_SRR10788537	B cell
TN_SRR10788538	B cell
TN_SRR10788671	B cell
TN_SRR10788725	B cell
TN_SRR10788726	T cell
TN_SRR10788727	B cell
TN_SRR10788747	T cell
TN_SRR10788748	T cell
TN_SRR10788813	T cell
TN_SRR10788814	T cell
TN_SRR10788880	Fibroblast
TN_SRR10788881	T cell
TN_SRR10788882	T cell
TN_SRR10789010	Endothelial
TN_SRR10789011	Macrophage
TN_SRR10789074	T cell
TN_SRR10789119	Mast cell
TN_SRR10789175	Endothelial
TN_SRR10789176	Mast cell
TN_SRR10789236	cDC
TN_SRR10789265	Endothelial
TN_SRR10789320	Mast cell
TN_SRR10789370	Macrophage
TN_SRR10789424	T cell
TN_SRR10789425	B cell
TN_SRR10789493	T cell
TN_SRR10789494	T cell
TN_SRR10789552	T cell
TN_SRR10789553	B cell
TN_SRR10789618	B cell
TN_SRR10789620	T cell
TN_SRR10789681	T cell
TN_SRR10789742	Endothelial
TN_SRR10789798	B cell
TN_SRR10789799	T cell
TN_SRR10789800	T cell
TN_SRR10789862	T cell
TN_SRR10789863	T cell
TN_SRR10789925	Fibroblast
TN_SRR10789926	T cell
TN_SRR10789984	Mast cell
TN_SRR10790042	Macrophage
TN_SRR10790151	Macrophage
TN_SRR10790201	Mast cell
TN_SRR10790202	cDC
TN_SRR10790203	Mast cell
TN_SRR10790403	T cell
TN_SRR10790405	B cell
TN_SRR10790452	Fibroblast
TN_SRR10790454	B cell
TN_SRR10790520	T cell
TN_SRR10790521	T cell
TN_SRR10790718	T cell
TN_SRR10790719	T cell
TN_SRR10790787	T cell
TN_SRR10790788	T cell
TN_SRR10790894	Endothelial
TN_SRR10790965	cDC
TN_SRR10791056	T cell
TN_SRR10791148	T cell
TN_SRR10791149	T cell
TN_SRR10791218	B cell
TN_SRR10791219	T cell
TN_SRR10791301	cDC
TN_SRR10791302	Endothelial
TN_SRR10791391	Endothelial
TN_SRR10791550	T cell
TN_SRR10791665	B cell
TN_SRR10791666	T cell
TN_SRR10791667	Fibroblast
TN_SRR10791737	Epithelial
TN_SRR10791738	T cell
TN_SRR10791739	B cell
TN_SRR10791860	T cell
TN_SRR10791862	T cell
TN_SRR10791868	Fibroblast
TN_SRR10791945	T cell
TN_SRR10792000	B cell
TN_SRR10792001	B cell
TN_SRR10792074	T cell
TN_SRR10792075	T cell
TN_SRR10792218	Macrophage
TN_SRR10792273	Mast cell
TN_SRR10792355	Mast cell
TN_SRR10792415	Fibroblast
TN_SRR10792417	B cell
TN_SRR10792541	Epithelial
TN_SRR10792587	Mast cell
TN_SRR10792588	Endothelial
TN_SRR10792647	Mast cell
TN_SRR10792648	Mast cell
TN_SRR10792658	Endothelial
TN_SRR10792659	Macrophage
TN_SRR10792712	Macrophage
TN_SRR10792887	Mast cell
TN_SRR10792888	Endothelial
TN_SRR10792990	Fibroblast
TN_SRR10792992	T cell
TN_SRR10793060	B cell
TN_SRR10793119	T cell
TN_SRR10793184	Macrophage
TN_SRR10793300	Mast cell
TN_SRR10793301	Endothelial
TN_SRR10793353	Mast cell
TN_SRR10793454	Macrophage
TN_SRR10793455	Macrophage
TN_SRR10793456	Mast cell
TN_SRR10793512	Endothelial
TN_SRR10793565	Endothelial
TN_SRR10793670	B cell
TN_SRR10793672	T cell
TN_SRR10793731	Fibroblast
TN_SRR10793733	T cell
TN_SRR10793795	B cell
TN_SRR10793796	T cell
TN_SRR10793816	Mast cell
TN_SRR10793864	Macrophage
TN_SRR10793891	T cell
TN_SRR10793893	Fibroblast
TN_SRR10793958	T cell
TN_SRR10793960	T cell
TN_SRR10794132	Macrophage
TN_SRR10794133	cDC
TN_SRR10794204	B cell
TN_SRR10794205	B cell
TN_SRR10794206	T cell
TN_SRR10794249	Mast cell
TN_SRR10794335	T cell
TN_SRR10794336	T cell
TN_SRR10794451	B cell
TN_SRR10794452	T cell
TN_SRR10794537	B cell
TN_SRR10794596	T cell
TN_SRR10794598	T cell
TN_SRR10794664	T cell
TN_SRR10794795	Macrophage
TN_SRR10794796	Macrophage
TN_SRR10794907	Mast cell
TN_SRR10794969	T cell
TN_SRR10795048	Macrophage
TN_SRR10795049	Endothelial
TN_SRR10795101	Endothelial
TN_SRR10795176	T cell
TN_SRR10795177	T cell
TN_SRR10795256	T cell
TN_SRR10795257	T cell
TN_SRR10795258	T cell
TN_SRR10795324	Mast cell
TN_SRR10795379	cDC
TN_SRR10795380	Macrophage
TN_SRR10795439	Endothelial
TN_SRR10795502	B cell
TN_SRR10795503	B cell
TN_SRR10795606	Endothelial
TN_SRR10795607	Macrophage
TN_SRR10795723	Mast cell
TN_SRR10795744	T cell
TN_SRR10795745	B cell
TN_SRR10795804	T cell
TN_SRR10795805	T cell
TN_SRR10795822	Macrophage
TN_SRR10795884	B cell
TN_SRR10795940	Fibroblast
TN_SRR10796042	Fibroblast
TN_SRR10796043	B cell
TN_SRR10796044	B cell
TN_SRR10796129	T cell
TN_SRR10796189	T cell
TN_SRR10796303	B cell
TN_SRR10796305	T cell
TN_SRR10796382	T cell
TN_SRR10796383	T cell
TN_SRR10796384	T cell
TN_SRR10796497	Mast cell
TN_SRR10796546	T cell
TN_SRR10796547	T cell
TN_SRR10796548	T cell
TN_SRR10796698	Macrophage
TN_SRR10796699	B cell
TN_SRR10796700	Fibroblast
TN_SRR10796759	cDC
TN_SRR10796854	cDC
TN_SRR10796855	Mast cell
TN_SRR10796888	T cell
TN_SRR10796889	T cell
TN_SRR10796970	cDC
TN_SRR10797113	T cell
TN_SRR10797210	B cell
TN_SRR10797232	Fibroblast
TN_SRR10797233	T cell
TN_SRR10797234	T cell
TN_SRR10797294	B cell
TN_SRR10797295	T cell
TN_SRR10797296	T cell
TN_SRR10797388	T cell
TN_SRR10797389	T cell
TN_SRR10797390	B cell
TN_SRR10797458	T cell
TN_SRR10797460	T cell
TN_SRR10797535	T cell
TN_SRR10797586	T cell
TN_SRR10797683	Epithelial
TN_SRR10797684	B cell
TN_SRR10797685	B cell
TN_SRR10797746	T cell
TN_SRR10797748	B cell
TN_SRR10797763	T cell
TN_SRR10797765	T cell
TN_SRR10797822	T cell
TN_SRR10797823	Fibroblast
TN_SRR10797824	B cell
TN_SRR10797966	cDC
TN_SRR10798017	Epithelial
TN_SRR10798018	T cell
TN_SRR10798019	T cell
TN_SRR10798083	T cell
TN_SRR10798084	B cell
TN_SRR10798085	B cell
TN_SRR10798130	Mast cell
TN_SRR10798243	Fibroblast
TN_SRR10798423	Endothelial
TN_SRR10798530	T cell
TN_SRR10798531	B cell
TN_SRR10798532	T cell
TN_SRR10798590	Mast cell
TN_SRR11618573	Mast cell
TN_SRR11618584	B cell
TN_SRR11618590	Epithelial
TN_SRR11618591	Macrophage
TN_SRR11618630	Macrophage
TN_SRR11618643	Macrophage
TN_SRR11618664	Macrophage
TN_SRR11618670	cDC
TN_SRR11618691	Mast cell
TN_SRR11618694	cDC
TN_SRR11618697	Mast cell
TN_SRR11618705	B cell
TN_SRR11618710	Macrophage
TN_SRR11618711	cDC
TN_SRR11618715	B cell
TN_SRR11618716	B cell
TN_SRR11618722	B cell
TN_SRR11618723	T cell
TN_SRR11618731	Macrophage
TN_SRR11618738	T cell
TN_SRR11618749	T cell
TN_SRR11618750	Epithelial
TN_SRR11618757	Macrophage
TN_SRR11618758	Macrophage
TN_SRR11618765	B cell
TN_SRR11618773	T cell
TN_SRR11618781	T cell
TN_SRR11618793	T cell
TN_SRR11618801	T cell
TN_SRR11618802	Epithelial
TN_SRR11618808	B cell
TN_SRR11618809	Macrophage
TN_SRR11618825	T cell
TN_SRR11618832	B cell
TN_SRR11618833	T cell
TN_SRR11618854	Macrophage
TN_SRR11618862	T cell
TN_SRR11618872	Macrophage
TN_SRR11618898	Macrophage
TN_SRR11618925	cDC
TN_SRR11618930	cDC
TN_SRR11618940	Macrophage
TN_SRR11618951	T cell
TN_SRR11618952	Macrophage
TN_SRR11618958	Macrophage
TN_SRR11618966	T cell
TN_SRR11618974	T cell
TN_SRR11618981	Epithelial
TN_SRR11618989	B cell
TN_SRR11618990	B cell
TN_SRR11618999	Macrophage
TN_SRR11619012	Macrophage
TN_SRR11619019	Epithelial
TN_SRR11619020	T cell
TN_SRR11619029	T cell
TN_SRR11619030	Macrophage
TN_SRR11619035	Macrophage
TN_SRR11619042	cDC
TN_SRR11619052	cDC
TN_SRR11619086	cDC
TN_SRR11619092	cDC
TN_SRR11619098	T cell
TN_SRR11619099	Macrophage
TN_SRR11619104	T cell
TN_SRR11619105	B cell
TN_SRR11619111	B cell
TN_SRR11619114	Epithelial
TN_SRR11619118	B cell
TN_SRR11619119	T cell
TN_SRR11619126	B cell
TN_SRR11619127	B cell
TN_SRR11619132	Fibroblast
TN_SRR11619133	T cell
TN_SRR11619136	cDC
TN_SRR11619140	Macrophage
TN_SRR11619141	B cell
TN_SRR11619143	Macrophage
TN_SRR11619144	T cell
TN_SRR11619591	B cell
TN_SRR11619592	T cell
TN_SRR11619597	B cell
TN_SRR11619598	B cell
TN_SRR11619605	Epithelial
TN_SRR11619610	T cell
TN_SRR11619620	T cell
TN_SRR11619625	Macrophage
TN_SRR11619631	B cell
TN_SRR11619632	Epithelial
TN_SRR11619669	cDC
TN_SRR11619675	cDC
TN_SRR11619683	cDC
TN_SRR11619688	cDC
TN_SRR11619695	Macrophage
TN_SRR11619718	cDC
TN_SRR11619724	cDC
TN_SRR11619735	Macrophage
TN_SRR11619736	T cell
TN_SRR11619740	Macrophage
TN_SRR11619745	Macrophage
TN_SRR11619746	T cell
TN_SRR11619750	T cell
TN_SRR11619757	B cell
TN_SRR11619773	Epithelial
TN_SRR11619780	T cell
TN_SRR11619784	T cell
TN_SRR11619785	T cell
TN_SRR11619792	T cell
TN_SRR11619802	Epithelial
TN_SRR11619809	B cell
TN_SRR11619810	B cell
TN_SRR11619814	cDC
TN_SRR11619818	Macrophage
TN_SRR11619819	Macrophage
TN_SRR11619825	T cell
TN_SRR11619829	Macrophage
TN_SRR11619830	Epithelial
TN_SRR11619855	cDC
TN_SRR11619859	cDC
TN_SRR11619892	cDC
TN_SRR11619903	Mast cell
TN_SRR11619904	cDC
TN_SRR11619909	cDC
TN_SRR11619913	cDC
TN_SRR11619918	Macrophage
TN_SRR11619925	T cell
TN_SRR11619929	Fibroblast
TN_SRR11619935	Macrophage
TN_SRR11619936	B cell
TN_SRR11619951	cDC
TN_SRR11619957	cDC
TN_SRR11619975	Fibroblast
TN_SRR11619982	T cell
TN_SRR11619987	T cell
TN_SRR11619988	T cell
TN_SRR11619994	T cell
TN_SRR11619998	Macrophage
TN_SRR11619999	B cell
TN_SRR11620004	B cell
TN_SRR11620005	T cell
TN_SRR11620016	Macrophage
TN_SRR11620017	B cell
TN_SRR11620024	B cell
TN_SRR11620029	Macrophage
TN_SRR11620030	Macrophage
TN_SRR11620048	Endothelial
TN_SRR11620074	cDC
TN_SRR11620086	cDC
TN_SRR11620091	cDC
TN_SRR11620105	T cell
TN_SRR11620111	B cell
TN_SRR11620117	B cell
TN_SRR11620126	Fibroblast
TN_SRR11620133	B cell
TN_SRR11620138	Epithelial
TN_SRR11620149	B cell
TN_SRR11620150	Epithelial
TN_SRR11620157	Macrophage
TN_SRR11620158	Fibroblast
TN_SRR11620163	T cell
TN_SRR11620164	Epithelial
TN_SRR11620173	Macrophage
TN_SRR11620178	Macrophage
TN_SRR11620184	Macrophage
TN_SRR11620185	Macrophage
TN_SRR11620190	B cell
TN_SRR11620191	T cell
TN_SRR11620197	T cell
TN_SRR11620198	Epithelial
TN_SRR11620201	cDC
TN_SRR11620202	cDC
TN_SRR11620204	T cell
TN_SRR11620210	Epithelial
TN_SRR11620215	Epithelial
TN_SRR11620216	Epithelial
TN_SRR11620249	B cell
TN_SRR11620275	Macrophage
TN_SRR11620295	cDC
TN_SRR11620320	Epithelial
TN_SRR11620325	B cell
TN_SRR11620332	Macrophage
TN_SRR11620339	Fibroblast
TN_SRR11620340	T cell
TN_SRR11620348	B cell
TN_SRR11620356	Macrophage
TN_SRR11620357	T cell
TN_SRR11620368	T cell
TN_SRR11620369	T cell
TN_SRR11620377	T cell
TN_SRR11620378	Macrophage
TN_SRR11620391	Mast cell
TN_SRR11620403	Macrophage
TN_SRR11620409	cDC
TN_SRR11620416	Macrophage
TN_SRR11620422	Endothelial
TN_SRR11620442	cDC
TN_SRR11620448	B cell
TN_SRR11620452	Macrophage
TN_SRR11620459	Macrophage
TN_SRR11620460	B cell
TN_SRR11620467	Macrophage
TN_SRR11620474	T cell
TN_SRR11620475	Macrophage
TN_SRR11620481	Macrophage
TN_SRR11620482	Fibroblast
TN_SRR11620486	Macrophage
TN_SRR11620498	B cell
TN_SRR11620499	Epithelial
TN_SRR11620505	Macrophage
TN_SRR11620506	cDC
TN_SRR11620512	cDC
TN_SRR11620519	Epithelial
TN_SRR11620525	T cell
TN_SRR11620526	T cell
TN_SRR11620532	T cell
TN_SRR11620538	B cell
TN_SRR11620539	Macrophage
TN_SRR11620545	B cell
TN_SRR11620546	T cell
TN_SRR11620550	T cell
TN_SRR11620559	Macrophage
TN_SRR11620565	Endothelial
TN_SRR11620566	Mast cell
TN_SRR11620570	T cell
TN_SRR11620571	T cell
TN_SRR11620578	B cell
RD_SRR11618574	Fibroblast
RD_SRR11618575	Endothelial
RD_SRR11618578	B cell
RD_SRR11618579	Mast cell
RD_SRR11618580	T cell
RD_SRR11618581	Fibroblast
RD_SRR11618585	B cell
RD_SRR11618586	Fibroblast
RD_SRR11618587	Macrophage
RD_SRR11618592	Endothelial
RD_SRR11618593	Macrophage
RD_SRR11618594	Mast cell
RD_SRR11618597	Endothelial
RD_SRR11618600	B cell
RD_SRR11618601	Endothelial
RD_SRR11618605	Endothelial
RD_SRR11618606	Mast cell
RD_SRR11618607	B cell
RD_SRR11618611	Macrophage
RD_SRR11618612	B cell
RD_SRR11618613	Mast cell
RD_SRR11618616	Endothelial
RD_SRR11618617	Endothelial
RD_SRR11618618	Endothelial
RD_SRR11618620	Macrophage
RD_SRR11618621	Endothelial
RD_SRR11618626	Fibroblast
RD_SRR11618627	Mast cell
RD_SRR11618632	Macrophage
RD_SRR11618633	B cell
RD_SRR11618634	B cell
RD_SRR11618638	Mast cell
RD_SRR11618639	T cell
RD_SRR11618640	B cell
RD_SRR11618645	Macrophage
RD_SRR11618646	Mast cell
RD_SRR11618647	B cell
RD_SRR11618651	Fibroblast
RD_SRR11618652	cDC
RD_SRR11618653	cDC
RD_SRR11618656	cDC
RD_SRR11618657	Macrophage
RD_SRR11618658	Macrophage
RD_SRR11618660	cDC
RD_SRR11618665	Macrophage
RD_SRR11618667	B cell
RD_SRR11618668	B cell
RD_SRR11618672	Macrophage
RD_SRR11618673	B cell
RD_SRR11618674	B cell
RD_SRR11618678	Endothelial
RD_SRR11618679	Endothelial
RD_SRR11618682	Endothelial
RD_SRR11618685	Endothelial
RD_SRR11618695	B cell
RD_SRR11618699	Mast cell
RD_SRR11618700	T cell
RD_SRR11618701	B cell
RD_SRR11618707	B cell
RD_SRR11618713	Epithelial
RD_SRR11618718	T cell
RD_SRR11618719	Macrophage
RD_SRR11618720	Fibroblast
RD_SRR11618725	T cell
RD_SRR11618727	Mast cell
RD_SRR11618733	T cell
RD_SRR11618734	cDC
RD_SRR11618735	Macrophage
RD_SRR11618742	T cell
RD_SRR11618743	Fibroblast
RD_SRR11618744	Macrophage
RD_SRR11618745	Macrophage
RD_SRR11618751	Fibroblast
RD_SRR11618752	Mast cell
RD_SRR11618753	Macrophage
RD_SRR11618759	T cell
RD_SRR11618760	B cell
RD_SRR11618761	cDC
RD_SRR11618767	T cell
RD_SRR11618768	T cell
RD_SRR11618769	Macrophage
RD_SRR11618774	B cell
RD_SRR11618775	pDC
RD_SRR11618776	Macrophage
RD_SRR11618777	Mast cell
RD_SRR11618783	T cell
RD_SRR11618784	T cell
RD_SRR11618785	Fibroblast
RD_SRR11618786	cDC
RD_SRR11618789	Fibroblast
RD_SRR11618790	cDC
RD_SRR11618791	T cell
RD_SRR11618795	B cell
RD_SRR11618796	Mast cell
RD_SRR11618797	Fibroblast
RD_SRR11618803	T cell
RD_SRR11618804	T cell
RD_SRR11618805	Mast cell
RD_SRR11618806	Macrophage
RD_SRR11618810	T cell
RD_SRR11618811	pDC
RD_SRR11618812	Fibroblast
RD_SRR11618816	T cell
RD_SRR11618820	T cell
RD_SRR11618821	cDC
RD_SRR11618822	Macrophage
RD_SRR11618826	T cell
RD_SRR11618827	cDC
RD_SRR11618828	Epithelial
RD_SRR11618834	T cell
RD_SRR11618838	T cell
RD_SRR11618839	cDC
RD_SRR11618840	Mast cell
RD_SRR11618844	Macrophage
RD_SRR11618845	Mast cell
RD_SRR11618846	B cell
RD_SRR11618850	T cell
RD_SRR11618851	Macrophage
RD_SRR11618858	cDC
RD_SRR11618864	T cell
RD_SRR11618865	Fibroblast
RD_SRR11618866	Macrophage
RD_SRR11618869	Endothelial
RD_SRR11618873	T cell
RD_SRR11618875	B cell
RD_SRR11618879	T cell
RD_SRR11618880	pDC
RD_SRR11618884	pDC
RD_SRR11618885	T cell
RD_SRR11618893	Endothelial
RD_SRR11618894	Endothelial
RD_SRR11618901	B cell
RD_SRR11618903	Mast cell
RD_SRR11618904	Fibroblast
RD_SRR11618905	T cell
RD_SRR11618908	Macrophage
RD_SRR11618909	Endothelial
RD_SRR11618914	cDC
RD_SRR11618915	Endothelial
RD_SRR11618916	B cell
RD_SRR11618920	Fibroblast
RD_SRR11618921	Mast cell
RD_SRR11618922	T cell
RD_SRR11618926	pDC
RD_SRR11618931	Macrophage
RD_SRR11618932	B cell
RD_SRR11618933	Mast cell
RD_SRR11618937	Fibroblast
RD_SRR11618938	Mast cell
RD_SRR11618942	T cell
RD_SRR11618946	Macrophage
RD_SRR11618947	Fibroblast
RD_SRR11618953	T cell
RD_SRR11618954	Macrophage
RD_SRR11618955	cDC
RD_SRR11618960	T cell
RD_SRR11618961	pDC
RD_SRR11618962	cDC
RD_SRR11618968	T cell
RD_SRR11618969	T cell
RD_SRR11618970	Epithelial
RD_SRR11618971	cDC
RD_SRR11618975	T cell
RD_SRR11618976	pDC
RD_SRR11618977	cDC
RD_SRR11618978	Fibroblast
RD_SRR11618980	Endothelial
RD_SRR11618982	T cell
RD_SRR11618983	B cell
RD_SRR11618984	cDC
RD_SRR11618985	Epithelial
RD_SRR11618992	T cell
RD_SRR11618993	T cell
RD_SRR11618994	Macrophage
RD_SRR11618995	Epithelial
RD_SRR11619001	T cell
RD_SRR11619002	T cell
RD_SRR11619003	Macrophage
RD_SRR11619004	Fibroblast
RD_SRR11619007	Fibroblast
RD_SRR11619008	B cell
RD_SRR11619009	B cell
RD_SRR11619014	Fibroblast
RD_SRR11619015	cDC
RD_SRR11619022	T cell
RD_SRR11619023	T cell
RD_SRR11619024	Fibroblast
RD_SRR11619025	Mast cell
RD_SRR11619032	T cell
RD_SRR11619037	Endothelial
RD_SRR11619038	Mast cell
RD_SRR11619045	T cell
RD_SRR11619049	Mast cell
RD_SRR11619050	B cell
RD_SRR11619054	B cell
RD_SRR11619057	cDC
RD_SRR11619059	T cell
RD_SRR11619060	B cell
RD_SRR11619063	Macrophage
RD_SRR11619065	Mast cell
RD_SRR11619070	Macrophage
RD_SRR11619071	T cell
RD_SRR11619072	T cell
RD_SRR11619077	Endothelial
RD_SRR11619078	Mast cell
RD_SRR11619082	Endothelial
RD_SRR11619083	Mast cell
RD_SRR11619089	Mast cell
RD_SRR11619090	T cell
RD_SRR11619093	Epithelial
RD_SRR11619094	cDC
RD_SRR11619095	Macrophage
RD_SRR11619100	T cell
RD_SRR11619101	Macrophage
RD_SRR11619106	T cell
RD_SRR11619107	Epithelial
RD_SRR11619113	Macrophage
RD_SRR11619116	cDC
RD_SRR11619121	T cell
RD_SRR11619122	cDC
RD_SRR11619128	Macrophage
RD_SRR11619129	Mast cell
RD_SRR11619137	Mast cell
RD_SRR11619138	Endothelial
RD_SRR11619145	Macrophage
RD_SRR11619146	cDC
RD_SRR11619152	cDC
RD_SRR11619155	T cell
RD_SRR11619156	B cell
RD_SRR11619160	T cell
RD_SRR11619161	T cell
RD_SRR11619166	B cell
RD_SRR11619167	Endothelial
RD_SRR11619172	Macrophage
RD_SRR11619173	B cell
RD_SRR11619174	B cell
RD_SRR11619177	Macrophage
RD_SRR11619178	T cell
RD_SRR11619181	Fibroblast
RD_SRR11619182	T cell
RD_SRR11619183	B cell
RD_SRR11619186	Macrophage
RD_SRR11619187	B cell
RD_SRR11619189	Macrophage
RD_SRR11619190	T cell
RD_SRR11619191	Endothelial
RD_SRR11619197	T cell
RD_SRR11619198	T cell
RD_SRR11619202	B cell
RD_SRR11619203	B cell
RD_SRR11619205	Macrophage
RD_SRR11619206	Epithelial
RD_SRR11619207	B cell
RD_SRR11619212	T cell
RD_SRR11619213	cDC
RD_SRR11619214	cDC
RD_SRR11619220	T cell
RD_SRR11619221	Mast cell
RD_SRR11619228	B cell
RD_SRR11619229	cDC
RD_SRR11619230	Macrophage
RD_SRR11619234	T cell
RD_SRR11619235	Epithelial
RD_SRR11619236	cDC
RD_SRR11619239	Mast cell
RD_SRR11619240	cDC
RD_SRR11619241	Macrophage
RD_SRR11619247	T cell
RD_SRR11619248	cDC
RD_SRR11619249	Macrophage
RD_SRR11619253	Macrophage
RD_SRR11619254	Macrophage
RD_SRR11619257	T cell
RD_SRR11619261	T cell
RD_SRR11619262	cDC
RD_SRR11619263	cDC
RD_SRR11619267	T cell
RD_SRR11619268	cDC
RD_SRR11619269	Macrophage
RD_SRR11619275	T cell
RD_SRR11619276	Macrophage
RD_SRR11619277	Fibroblast
RD_SRR11619279	Macrophage
RD_SRR11619280	Endothelial
RD_SRR11619281	Mast cell
RD_SRR11619284	Macrophage
RD_SRR11619287	cDC
RD_SRR11619288	cDC
RD_SRR11619293	T cell
RD_SRR11619296	B cell
RD_SRR11619297	B cell
RD_SRR11619303	Macrophage
RD_SRR11619304	Fibroblast
RD_SRR11619309	T cell
RD_SRR11619313	pDC
RD_SRR11619314	T cell
RD_SRR11619315	Fibroblast
RD_SRR11619318	pDC
RD_SRR11619319	Endothelial
RD_SRR11619320	Macrophage
RD_SRR11619325	T cell
RD_SRR11619327	T cell
RD_SRR11619334	Endothelial
RD_SRR11619335	cDC
RD_SRR11619336	Macrophage
RD_SRR11619341	T cell
RD_SRR11619342	T cell
RD_SRR11619343	Fibroblast
RD_SRR11619350	B cell
RD_SRR11619351	cDC
RD_SRR11619355	Macrophage
RD_SRR11619361	T cell
RD_SRR11619362	Endothelial
RD_SRR11619363	Fibroblast
RD_SRR11619364	Mast cell
RD_SRR11619369	T cell
RD_SRR11619370	pDC
RD_SRR11619371	cDC
RD_SRR11619375	T cell
RD_SRR11619376	B cell
RD_SRR11619377	Macrophage
RD_SRR11619378	Mast cell
RD_SRR11619379	Fibroblast
RD_SRR11619380	T cell
RD_SRR11619386	T cell
RD_SRR11619388	Mast cell
RD_SRR11619392	Fibroblast
RD_SRR11619393	Endothelial
RD_SRR11619394	T cell
RD_SRR11619398	T cell
RD_SRR11619399	T cell
RD_SRR11619403	Macrophage
RD_SRR11619404	Endothelial
RD_SRR11619405	T cell
RD_SRR11619412	Macrophage
RD_SRR11619414	Mast cell
RD_SRR11619419	Mast cell
RD_SRR11619420	T cell
RD_SRR11619426	Macrophage
RD_SRR11619427	Fibroblast
RD_SRR11619428	cDC
RD_SRR11619434	Macrophage
RD_SRR11619440	T cell
RD_SRR11619441	T cell
RD_SRR11619442	Mast cell
RD_SRR11619443	Fibroblast
RD_SRR11619449	Endothelial
RD_SRR11619450	T cell
RD_SRR11619451	cDC
RD_SRR11619452	Fibroblast
RD_SRR11619456	pDC
RD_SRR11619457	T cell
RD_SRR11619458	Fibroblast
RD_SRR11619459	Macrophage
RD_SRR11619465	B cell
RD_SRR11619466	cDC
RD_SRR11619471	T cell
RD_SRR11619472	pDC
RD_SRR11619473	cDC
RD_SRR11619474	Macrophage
RD_SRR11619479	T cell
RD_SRR11619480	cDC
RD_SRR11619481	Epithelial
RD_SRR11619486	T cell
RD_SRR11619490	Mast cell
RD_SRR11619496	Mast cell
RD_SRR11619497	cDC
RD_SRR11619503	T cell
RD_SRR11619504	Mast cell
RD_SRR11619505	cDC
RD_SRR11619506	Macrophage
RD_SRR11619508	cDC
RD_SRR11619509	Endothelial
RD_SRR11619512	Macrophage
RD_SRR11619513	T cell
RD_SRR11619514	T cell
RD_SRR11619518	Endothelial
RD_SRR11619522	Macrophage
RD_SRR11619523	Endothelial
RD_SRR11619524	pDC
RD_SRR11619528	B cell
RD_SRR11619529	T cell
RD_SRR11619533	Endothelial
RD_SRR11619539	T cell
RD_SRR11619542	Fibroblast
RD_SRR11619543	Mast cell
RD_SRR11619544	T cell
RD_SRR11619547	Endothelial
RD_SRR11619552	T cell
RD_SRR11619553	B cell
RD_SRR11619558	T cell
RD_SRR11619559	T cell
RD_SRR11619566	cDC
RD_SRR11619573	T cell
RD_SRR11619574	cDC
RD_SRR11619575	cDC
RD_SRR11619580	T cell
RD_SRR11619581	cDC
RD_SRR11619582	Fibroblast
RD_SRR11619593	T cell
RD_SRR11619594	Macrophage
RD_SRR11619600	Mast cell
RD_SRR11619601	Fibroblast
RD_SRR11619602	Epithelial
RD_SRR11619606	T cell
RD_SRR11619607	cDC
RD_SRR11619612	cDC
RD_SRR11619613	Epithelial
RD_SRR11619616	B cell
RD_SRR11619621	cDC
RD_SRR11619622	Fibroblast
RD_SRR11619627	B cell
RD_SRR11619628	Mast cell
RD_SRR11619634	T cell
RD_SRR11619635	Fibroblast
RD_SRR11619636	Fibroblast
RD_SRR11619639	Endothelial
RD_SRR11619640	B cell
RD_SRR11619645	Fibroblast
RD_SRR11619646	B cell
RD_SRR11619647	B cell
RD_SRR11619651	Endothelial
RD_SRR11619652	B cell
RD_SRR11619655	Macrophage
RD_SRR11619656	T cell
RD_SRR11619665	B cell
RD_SRR11619671	Fibroblast
RD_SRR11619672	T cell
RD_SRR11619677	T cell
RD_SRR11619680	Mast cell
RD_SRR11619681	B cell
RD_SRR11619685	B cell
RD_SRR11619690	Macrophage
RD_SRR11619691	cDC
RD_SRR11619692	Endothelial
RD_SRR11619697	cDC
RD_SRR11619700	B cell
RD_SRR11619701	Endothelial
RD_SRR11619702	B cell
RD_SRR11619710	B cell
RD_SRR11619711	B cell
RD_SRR11619715	pDC
RD_SRR11619716	Mast cell
RD_SRR11619719	B cell
RD_SRR11619720	T cell
RD_SRR11619725	cDC
RD_SRR11619726	cDC
RD_SRR11619730	Mast cell
RD_SRR11619731	Macrophage
RD_SRR11619732	Epithelial
RD_SRR11619738	T cell
RD_SRR11619739	Macrophage
RD_SRR11619742	T cell
RD_SRR11619743	cDC
RD_SRR11619747	T cell
RD_SRR11619748	Macrophage
RD_SRR11619752	T cell
RD_SRR11619753	Epithelial
RD_SRR11619754	cDC
RD_SRR11619758	T cell
RD_SRR11619759	Macrophage
RD_SRR11619760	Macrophage
RD_SRR11619763	T cell
RD_SRR11619764	cDC
RD_SRR11619765	Fibroblast
RD_SRR11619769	pDC
RD_SRR11619770	B cell
RD_SRR11619775	B cell
RD_SRR11619776	Epithelial
RD_SRR11619781	Macrophage
RD_SRR11619786	T cell
RD_SRR11619787	Fibroblast
RD_SRR11619788	Fibroblast
RD_SRR11619794	Fibroblast
RD_SRR11619796	B cell
RD_SRR11619797	T cell
RD_SRR11619798	Fibroblast
RD_SRR11619799	Macrophage
RD_SRR11619804	T cell
RD_SRR11619805	T cell
RD_SRR11619806	Macrophage
RD_SRR11619807	Fibroblast
RD_SRR11619812	B cell
RD_SRR11619813	cDC
RD_SRR11619815	B cell
RD_SRR11619820	T cell
RD_SRR11619821	T cell
RD_SRR11619822	cDC
RD_SRR11619823	Macrophage
RD_SRR11619826	Epithelial
RD_SRR11619827	cDC
RD_SRR11619833	cDC
RD_SRR11619836	Macrophage
RD_SRR11619837	Fibroblast
RD_SRR11619838	T cell
RD_SRR11619840	T cell
RD_SRR11619841	B cell
RD_SRR11619844	Endothelial
RD_SRR11619845	B cell
RD_SRR11619850	Macrophage
RD_SRR11619851	Fibroblast
RD_SRR11619852	Mast cell
RD_SRR11619856	Macrophage
RD_SRR11619857	T cell
RD_SRR11619861	T cell
RD_SRR11619862	Macrophage
RD_SRR11619865	B cell
RD_SRR11619866	Macrophage
RD_SRR11619867	Fibroblast
RD_SRR11619869	B cell
RD_SRR11619870	B cell
RD_SRR11619871	B cell
RD_SRR11619874	T cell
RD_SRR11619875	T cell
RD_SRR11619879	T cell
RD_SRR11619880	B cell
RD_SRR11619884	Endothelial
RD_SRR11619885	B cell
RD_SRR11619889	T cell
RD_SRR11619894	T cell
RD_SRR11619895	B cell
RD_SRR11619900	B cell
RD_SRR11619905	T cell
RD_SRR11619906	Endothelial
RD_SRR11619912	Mast cell
RD_SRR11619914	Macrophage
RD_SRR11619915	cDC
RD_SRR11619921	cDC
RD_SRR11619922	Epithelial
RD_SRR11619932	cDC
RD_SRR11619939	cDC
RD_SRR11619940	Fibroblast
RD_SRR11619943	Mast cell
RD_SRR11619946	B cell
RD_SRR11619953	T cell
RD_SRR11619954	T cell
RD_SRR11619960	T cell
RD_SRR11619961	B cell
RD_SRR11619965	cDC
RD_SRR11619971	cDC
RD_SRR11619977	Macrophage
RD_SRR11619978	cDC
RD_SRR11619985	Fibroblast
RD_SRR11619989	Fibroblast
RD_SRR11619990	Macrophage
RD_SRR11619995	cDC
RD_SRR11620001	Mast cell
RD_SRR11620008	Macrophage
RD_SRR11620009	Fibroblast
RD_SRR11620011	T cell
RD_SRR11620012	B cell
RD_SRR11620020	Macrophage
RD_SRR11620025	Fibroblast
RD_SRR11620026	Epithelial
RD_SRR11620034	Macrophage
RD_SRR11620035	Macrophage
RD_SRR11620038	Endothelial
RD_SRR11620039	T cell
RD_SRR11620044	pDC
RD_SRR11620045	T cell
RD_SRR11620050	T cell
RD_SRR11620054	T cell
RD_SRR11620055	B cell
RD_SRR11620059	Mast cell
RD_SRR11620060	Mast cell
RD_SRR11620065	pDC
RD_SRR11620070	B cell
RD_SRR11620071	B cell
RD_SRR11620075	Endothelial
RD_SRR11620076	T cell
RD_SRR11620080	B cell
RD_SRR11620081	Mast cell
RD_SRR11620094	cDC
RD_SRR11620095	cDC
RD_SRR11620100	Macrophage
RD_SRR11620101	cDC
RD_SRR11620107	cDC
RD_SRR11620113	Epithelial
RD_SRR11620121	cDC
RD_SRR11620122	cDC
RD_SRR11620129	Macrophage
RD_SRR11620130	B cell
RD_SRR11620136	Fibroblast
RD_SRR11620142	Epithelial
RD_SRR11620145	Endothelial
RD_SRR11620146	Endothelial
RD_SRR11620153	cDC
RD_SRR11620154	Mast cell
RD_SRR11620167	Macrophage
RD_SRR11620168	cDC
RD_SRR11620170	Endothelial
RD_SRR11620171	Endothelial
RD_SRR11620175	Endothelial
RD_SRR11620176	T cell
RD_SRR11620187	cDC
RD_SRR11620188	B cell
RD_SRR11620193	Fibroblast
RD_SRR11620194	Macrophage
RD_SRR11620199	Macrophage
RD_SRR11620203	B cell
RD_SRR11620206	Macrophage
RD_SRR11620207	cDC
RD_SRR11620212	cDC
RD_SRR11620218	Macrophage
RD_SRR11620219	cDC
RD_SRR11620222	B cell
RD_SRR11620223	Mast cell
RD_SRR11620227	Mast cell
RD_SRR11620228	T cell
RD_SRR11620235	B cell
RD_SRR11620241	B cell
RD_SRR11620246	B cell
RD_SRR11620247	pDC
RD_SRR11620252	T cell
RD_SRR11620256	Endothelial
RD_SRR11620257	B cell
RD_SRR11620266	Mast cell
RD_SRR11620267	B cell
RD_SRR11620272	B cell
RD_SRR11620278	Mast cell
RD_SRR11620285	Endothelial
RD_SRR11620286	B cell
RD_SRR11620291	B cell
RD_SRR11620292	B cell
RD_SRR11620298	Endothelial
RD_SRR11620299	B cell
RD_SRR11620304	Endothelial
RD_SRR11620305	B cell
RD_SRR11620309	cDC
RD_SRR11620310	Epithelial
RD_SRR11620315	Epithelial
RD_SRR11620316	Macrophage
RD_SRR11620322	Macrophage
RD_SRR11620327	Epithelial
RD_SRR11620328	cDC
RD_SRR11620334	Epithelial
RD_SRR11620335	Fibroblast
RD_SRR11620344	Fibroblast
RD_SRR11620345	cDC
RD_SRR11620351	Epithelial
RD_SRR11620352	Endothelial
RD_SRR11620361	Macrophage
RD_SRR11620362	cDC
RD_SRR11620364	B cell
RD_SRR11620365	B cell
RD_SRR11620373	Macrophage
RD_SRR11620374	cDC
RD_SRR11620382	B cell
RD_SRR11620388	Fibroblast
RD_SRR11620389	cDC
RD_SRR11620392	B cell
RD_SRR11620395	Endothelial
RD_SRR11620396	pDC
RD_SRR11620400	T cell
RD_SRR11620401	pDC
RD_SRR11620405	Endothelial
RD_SRR11620406	Mast cell
RD_SRR11620412	Mast cell
RD_SRR11620413	B cell
RD_SRR11620418	Mast cell
RD_SRR11620419	B cell
RD_SRR11620425	Mast cell
RD_SRR11620429	B cell
RD_SRR11620430	B cell
RD_SRR11620436	B cell
RD_SRR11620440	T cell
RD_SRR11620445	Epithelial
RD_SRR11620450	cDC
RD_SRR11620456	Epithelial
RD_SRR11620463	cDC
RD_SRR11620464	Epithelial
RD_SRR11620471	Macrophage
RD_SRR11620478	cDC
RD_SRR11620479	Macrophage
RD_SRR11620484	Epithelial
RD_SRR11620489	Macrophage
RD_SRR11620493	B cell
RD_SRR11620494	Mast cell
RD_SRR11620501	T cell
RD_SRR11620502	T cell
RD_SRR11620509	B cell
RD_SRR11620510	T cell
RD_SRR11620514	Fibroblast
RD_SRR11620515	cDC
RD_SRR11620521	Macrophage
RD_SRR11620522	Fibroblast
RD_SRR11620534	Macrophage
RD_SRR11620535	Epithelial
RD_SRR11620541	cDC
RD_SRR11620542	cDC
RD_SRR11620548	B cell
RD_SRR11620554	Macrophage
RD_SRR11620555	B cell
RD_SRR11620562	cDC
RD_SRR11620563	cDC
RD_SRR11620567	T cell
RD_SRR11620574	Epithelial
RD_SRR11620580	Macrophage
PD_SRR10777254	Epithelial
PD_SRR10777301	Endothelial
PD_SRR10777340	Mast cell
PD_SRR10777395	Mast cell
PD_SRR10777397	Melanocyte
PD_SRR10777454	pDC
PD_SRR10777456	pDC
PD_SRR10777457	Melanocyte
PD_SRR10777514	Macrophage
PD_SRR10777516	cDC
PD_SRR10777518	cDC
PD_SRR10777562	T cell
PD_SRR10777564	Macrophage
PD_SRR10777625	B cell
PD_SRR10777627	T cell
PD_SRR10777629	cDC
PD_SRR10777692	T cell
PD_SRR10777694	T cell
PD_SRR10777756	T cell
PD_SRR10777758	T cell
PD_SRR10777759	cDC
PD_SRR10777822	T cell
PD_SRR10777823	T cell
PD_SRR10777824	T cell
PD_SRR10777858	T cell
PD_SRR10777859	T cell
PD_SRR10777912	Endothelial
PD_SRR10777973	T cell
PD_SRR10777975	T cell
PD_SRR10777977	B cell
PD_SRR10778050	T cell
PD_SRR10778051	B cell
PD_SRR10778112	Macrophage
PD_SRR10778114	cDC
PD_SRR10778115	B cell
PD_SRR10778167	Endothelial
PD_SRR10778170	Fibroblast
PD_SRR10778222	Fibroblast
PD_SRR10778224	Fibroblast
PD_SRR10778282	Fibroblast
PD_SRR10778368	Mast cell
PD_SRR10778369	Endothelial
PD_SRR10778428	pDC
PD_SRR10778429	Mast cell
PD_SRR10778482	B cell
PD_SRR10778483	Endothelial
PD_SRR10778546	Mast cell
PD_SRR10778600	Mast cell
PD_SRR10778601	Endothelial
PD_SRR10778634	T cell
PD_SRR10778682	Macrophage
PD_SRR10778683	T cell
PD_SRR10778737	Macrophage
PD_SRR10778739	T cell
PD_SRR10778803	T cell
PD_SRR10778804	T cell
PD_SRR10778857	T cell
PD_SRR10778859	Macrophage
PD_SRR10778861	Macrophage
PD_SRR10778918	Fibroblast
PD_SRR10778919	T cell
PD_SRR10778980	T cell
PD_SRR10779035	Epithelial
PD_SRR10779100	B cell
PD_SRR10779222	Endothelial
PD_SRR10779224	Fibroblast
PD_SRR10779278	Mast cell
PD_SRR10779281	Endothelial
PD_SRR10779340	pDC
PD_SRR10779405	pDC
PD_SRR10779459	Endothelial
PD_SRR10779577	pDC
PD_SRR10779579	Mast cell
PD_SRR10779637	T cell
PD_SRR10779639	T cell
PD_SRR10779640	T cell
PD_SRR10779728	B cell
PD_SRR10779730	B cell
PD_SRR10779731	B cell
PD_SRR10779831	T cell
PD_SRR10779833	Macrophage
PD_SRR10779894	Endothelial
PD_SRR10779896	Epithelial
PD_SRR10779898	Epithelial
PD_SRR10779969	Macrophage
PD_SRR10779971	B cell
PD_SRR10780042	B cell
PD_SRR10780102	Macrophage
PD_SRR10780104	T cell
PD_SRR10780106	T cell
PD_SRR10780167	Epithelial
PD_SRR10780220	Fibroblast
PD_SRR10780222	Fibroblast
PD_SRR10780284	Epithelial
PD_SRR10780341	Fibroblast
PD_SRR10780344	Epithelial
PD_SRR10780402	Mast cell
PD_SRR10780404	Melanocyte
PD_SRR10780470	Melanocyte
PD_SRR10780472	Melanocyte
PD_SRR10780530	Melanocyte
PD_SRR10780532	Mast cell
PD_SRR10780591	Epithelial
PD_SRR10780592	Epithelial
PD_SRR10780641	Mast cell
PD_SRR10780643	Mast cell
PD_SRR10780748	T cell
PD_SRR10780750	Macrophage
PD_SRR10780806	T cell
PD_SRR10780808	T cell
PD_SRR10780809	T cell
PD_SRR10780873	T cell
PD_SRR10780876	Macrophage
PD_SRR10780939	T cell
PD_SRR10780941	T cell
PD_SRR10780943	T cell
PD_SRR10781008	cDC
PD_SRR10781010	Fibroblast
PD_SRR10781073	T cell
PD_SRR10781075	B cell
PD_SRR10781077	B cell
PD_SRR10781121	T cell
PD_SRR10781123	T cell
PD_SRR10781125	T cell
PD_SRR10781177	Fibroblast
PD_SRR10781245	Macrophage
PD_SRR10781247	T cell
PD_SRR10781249	cDC
PD_SRR10781313	B cell
PD_SRR10781315	T cell
PD_SRR10781317	T cell
PD_SRR10781382	T cell
PD_SRR10781384	Macrophage
PD_SRR10781386	T cell
PD_SRR10781446	Epithelial
PD_SRR10781448	Epithelial
PD_SRR10781508	Fibroblast
PD_SRR10781511	Fibroblast
PD_SRR10781632	Fibroblast
PD_SRR10781634	Fibroblast
PD_SRR10781696	pDC
PD_SRR10781758	pDC
PD_SRR10781760	pDC
PD_SRR10781761	Mast cell
PD_SRR10781822	Melanocyte
PD_SRR10781824	pDC
PD_SRR10781942	pDC
PD_SRR10781943	Melanocyte
PD_SRR10781945	Melanocyte
PD_SRR10782000	Mast cell
PD_SRR10782003	Mast cell
PD_SRR10782060	Fibroblast
PD_SRR10782062	T cell
PD_SRR10782064	B cell
PD_SRR10782122	cDC
PD_SRR10782125	cDC
PD_SRR10782185	Macrophage
PD_SRR10782187	Macrophage
PD_SRR10782246	B cell
PD_SRR10782249	cDC
PD_SRR10782308	T cell
PD_SRR10782310	T cell
PD_SRR10782374	T cell
PD_SRR10782376	T cell
PD_SRR10782378	T cell
PD_SRR10782439	Macrophage
PD_SRR10782441	T cell
PD_SRR10782442	Macrophage
PD_SRR10782506	cDC
PD_SRR10782508	T cell
PD_SRR10782568	Endothelial
PD_SRR10782569	Endothelial
PD_SRR10782641	T cell
PD_SRR10782643	B cell
PD_SRR10782644	cDC
PD_SRR10782690	T cell
PD_SRR10782757	Fibroblast
PD_SRR10782817	Epithelial
PD_SRR10782874	Epithelial
PD_SRR10782876	Epithelial
PD_SRR10782937	Fibroblast
PD_SRR10782940	Epithelial
PD_SRR10783006	Mast cell
PD_SRR10783009	pDC
PD_SRR10783075	Mast cell
PD_SRR10783077	Mast cell
PD_SRR10783136	Melanocyte
PD_SRR10783140	Endothelial
PD_SRR10783200	Epithelial
PD_SRR10783202	T cell
PD_SRR10783313	pDC
PD_SRR10783315	Mast cell
PD_SRR10783427	T cell
PD_SRR10783429	T cell
PD_SRR10783431	T cell
PD_SRR10783496	T cell
PD_SRR10783497	Macrophage
PD_SRR10783610	T cell
PD_SRR10783612	B cell
PD_SRR10783678	cDC
PD_SRR10783680	T cell
PD_SRR10783807	B cell
PD_SRR10783811	cDC
PD_SRR10783832	Fibroblast
PD_SRR10783900	Epithelial
PD_SRR10783902	Macrophage
PD_SRR10784026	Endothelial
PD_SRR10784029	Epithelial
PD_SRR10784092	Mast cell
PD_SRR10784094	Mast cell
PD_SRR10784206	Fibroblast
PD_SRR10784208	Mast cell
PD_SRR10784302	T cell
PD_SRR10784303	Macrophage
PD_SRR10784305	Macrophage
PD_SRR10784366	Macrophage
PD_SRR10784368	Macrophage
PD_SRR10784370	cDC
PD_SRR10784467	T cell
PD_SRR10784470	B cell
PD_SRR10784532	Macrophage
PD_SRR10784534	T cell
PD_SRR10784535	B cell
PD_SRR10784600	T cell
PD_SRR10784663	T cell
PD_SRR10784726	T cell
PD_SRR10784728	T cell
PD_SRR10784729	B cell
PD_SRR10784791	Fibroblast
PD_SRR10784793	Epithelial
PD_SRR10784854	Mast cell
PD_SRR10784916	Mast cell
PD_SRR10784918	pDC
PD_SRR10784920	Melanocyte
PD_SRR10785009	Mast cell
PD_SRR10785055	T cell
PD_SRR10785056	B cell
PD_SRR10785124	T cell
PD_SRR10785126	Fibroblast
PD_SRR10785128	B cell
PD_SRR10785167	T cell
PD_SRR10785170	Macrophage
PD_SRR10785232	Fibroblast
PD_SRR10785295	cDC
PD_SRR10785297	Macrophage
PD_SRR10785299	Macrophage
PD_SRR10785365	B cell
PD_SRR10785367	B cell
PD_SRR10785368	Macrophage
PD_SRR10785428	B cell
PD_SRR10785430	T cell
PD_SRR10785431	B cell
PD_SRR10785556	B cell
PD_SRR10785558	Endothelial
PD_SRR10785591	Endothelial
PD_SRR10785654	pDC
PD_SRR10785656	Melanocyte
PD_SRR10785717	pDC
PD_SRR10785719	Mast cell
PD_SRR10785800	Mast cell
PD_SRR10785912	T cell
PD_SRR10785914	T cell
PD_SRR10785915	B cell
PD_SRR10785975	B cell
PD_SRR10785978	B cell
PD_SRR10786044	Macrophage
PD_SRR10786046	T cell
PD_SRR10786148	T cell
PD_SRR10786150	B cell
PD_SRR10786151	T cell
PD_SRR10786213	B cell
PD_SRR10786217	B cell
PD_SRR10786281	cDC
PD_SRR10786283	Fibroblast
PD_SRR10786285	cDC
PD_SRR10786343	Endothelial
PD_SRR10786346	Fibroblast
PD_SRR10786419	T cell
PD_SRR10786421	Macrophage
PD_SRR10786485	B cell
PD_SRR10786487	cDC
PD_SRR10786489	Epithelial
PD_SRR10786553	B cell
PD_SRR10786555	T cell
PD_SRR10786557	B cell
PD_SRR10786607	B cell
PD_SRR10786608	Fibroblast
PD_SRR10786609	B cell
PD_SRR10786671	Fibroblast
PD_SRR10786726	Epithelial
PD_SRR10786727	Fibroblast
PD_SRR10786838	Endothelial
PD_SRR10786902	Mast cell
PD_SRR10786955	Mast cell
PD_SRR10786956	Endothelial
PD_SRR10787009	B cell
PD_SRR10787063	Endothelial
PD_SRR10787065	Mast cell
PD_SRR10787066	Mast cell
PD_SRR10787117	pDC
PD_SRR10787119	pDC
PD_SRR10787173	T cell
PD_SRR10787175	Macrophage
PD_SRR10787177	cDC
PD_SRR10787233	T cell
PD_SRR10787291	cDC
PD_SRR10787292	Macrophage
PD_SRR10787355	Macrophage
PD_SRR10787356	B cell
PD_SRR10787416	B cell
PD_SRR10787418	T cell
PD_SRR10787477	Macrophage
PD_SRR10787479	T cell
PD_SRR10787480	T cell
PD_SRR10787537	Epithelial
PD_SRR10787539	T cell
PD_SRR10787541	T cell
PD_SRR10787599	cDC
PD_SRR10787601	B cell
PD_SRR10787659	T cell
PD_SRR10787729	B cell
PD_SRR10787731	Macrophage
PD_SRR10787732	B cell
PD_SRR10787796	T cell
PD_SRR10787798	B cell
PD_SRR10787860	T cell
PD_SRR10787862	cDC
PD_SRR10787922	Fibroblast
PD_SRR10787925	Epithelial
PD_SRR10787983	Epithelial
PD_SRR10788033	Endothelial
PD_SRR10788035	Epithelial
PD_SRR10788091	Endothelial
PD_SRR10788093	B cell
PD_SRR10788165	pDC
PD_SRR10788225	Fibroblast
PD_SRR10788228	Fibroblast
PD_SRR10788265	Mast cell
PD_SRR10788314	T cell
PD_SRR10788316	B cell
PD_SRR10788382	T cell
PD_SRR10788384	T cell
PD_SRR10788385	T cell
PD_SRR10788446	T cell
PD_SRR10788448	Macrophage
PD_SRR10788450	T cell
PD_SRR10788510	Endothelial
PD_SRR10788622	Fibroblast
PD_SRR10788624	Epithelial
PD_SRR10788644	Mast cell
PD_SRR10788699	Macrophage
PD_SRR10788783	T cell
PD_SRR10788785	cDC
PD_SRR10788787	T cell
PD_SRR10788846	cDC
PD_SRR10788848	T cell
PD_SRR10788918	cDC
PD_SRR10788920	Macrophage
PD_SRR10788921	cDC
PD_SRR10788978	T cell
PD_SRR10788980	cDC
PD_SRR10788982	T cell
PD_SRR10789035	Endothelial
PD_SRR10789083	Epithelial
PD_SRR10789085	Epithelial
PD_SRR10789087	Fibroblast
PD_SRR10789147	Fibroblast
PD_SRR10789209	Endothelial
PD_SRR10789211	pDC
PD_SRR10789292	Fibroblast
PD_SRR10789294	Fibroblast
PD_SRR10789343	Mast cell
PD_SRR10789345	pDC
PD_SRR10789347	pDC
PD_SRR10789459	T cell
PD_SRR10789461	B cell
PD_SRR10789463	cDC
PD_SRR10789521	B cell
PD_SRR10789525	T cell
PD_SRR10789580	B cell
PD_SRR10789582	T cell
PD_SRR10789584	B cell
PD_SRR10789643	cDC
PD_SRR10789645	T cell
PD_SRR10789647	B cell
PD_SRR10789710	cDC
PD_SRR10789712	B cell
PD_SRR10789768	Epithelial
PD_SRR10789826	B cell
PD_SRR10789828	T cell
PD_SRR10789830	B cell
PD_SRR10789891	T cell
PD_SRR10789893	T cell
PD_SRR10789895	B cell
PD_SRR10789952	B cell
PD_SRR10789954	B cell
PD_SRR10790013	Fibroblast
PD_SRR10790015	Epithelial
PD_SRR10790068	Fibroblast
PD_SRR10790070	Epithelial
PD_SRR10790123	Endothelial
PD_SRR10790173	Epithelial
PD_SRR10790284	Mast cell
PD_SRR10790341	Endothelial
PD_SRR10790343	Mast cell
PD_SRR10790424	T cell
PD_SRR10790426	Macrophage
PD_SRR10790427	T cell
PD_SRR10790487	T cell
PD_SRR10790489	T cell
PD_SRR10790491	Macrophage
PD_SRR10790550	cDC
PD_SRR10790552	B cell
PD_SRR10790628	T cell
PD_SRR10790631	T cell
PD_SRR10790687	Epithelial
PD_SRR10790746	Macrophage
PD_SRR10790748	B cell
PD_SRR10790816	Macrophage
PD_SRR10790818	T cell
PD_SRR10790819	B cell
PD_SRR10790864	Epithelial
PD_SRR10790918	Epithelial
PD_SRR10790937	Melanocyte
PD_SRR10790992	pDC
PD_SRR10791028	T cell
PD_SRR10791030	T cell
PD_SRR10791032	T cell
PD_SRR10791080	T cell
PD_SRR10791082	Macrophage
PD_SRR10791084	T cell
PD_SRR10791115	T cell
PD_SRR10791118	Macrophage
PD_SRR10791179	Macrophage
PD_SRR10791181	T cell
PD_SRR10791182	Macrophage
PD_SRR10791244	B cell
PD_SRR10791245	T cell
PD_SRR10791247	T cell
PD_SRR10791323	pDC
PD_SRR10791325	Melanocyte
PD_SRR10791362	pDC
PD_SRR10791363	Melanocyte
PD_SRR10791365	Melanocyte
PD_SRR10791422	Mast cell
PD_SRR10791438	Macrophage
PD_SRR10791439	T cell
PD_SRR10791440	T cell
PD_SRR10791500	Endothelial
PD_SRR10791518	B cell
PD_SRR10791520	T cell
PD_SRR10791521	T cell
PD_SRR10791580	Macrophage
PD_SRR10791582	B cell
PD_SRR10791583	Macrophage
PD_SRR10791628	B cell
PD_SRR10791630	cDC
PD_SRR10791699	B cell
PD_SRR10791702	T cell
PD_SRR10791765	T cell
PD_SRR10791767	T cell
PD_SRR10791769	Macrophage
PD_SRR10791819	T cell
PD_SRR10791823	T cell
PD_SRR10791903	T cell
PD_SRR10791905	T cell
PD_SRR10791967	B cell
PD_SRR10791968	Endothelial
PD_SRR10792032	T cell
PD_SRR10792034	Macrophage
PD_SRR10792104	T cell
PD_SRR10792106	T cell
PD_SRR10792179	Endothelial
PD_SRR10792181	pDC
PD_SRR10792239	Fibroblast
PD_SRR10792240	Fibroblast
PD_SRR10792242	Epithelial
PD_SRR10792296	Melanocyte
PD_SRR10792298	Mast cell
PD_SRR10792319	T cell
PD_SRR10792321	T cell
PD_SRR10792445	Macrophage
PD_SRR10792447	B cell
PD_SRR10792449	B cell
PD_SRR10792509	T cell
PD_SRR10792510	cDC
PD_SRR10792511	cDC
PD_SRR10792615	Fibroblast
PD_SRR10792616	Epithelial
PD_SRR10792682	pDC
PD_SRR10792738	B cell
PD_SRR10792739	Epithelial
PD_SRR10792741	Endothelial
PD_SRR10792754	cDC
PD_SRR10792755	Macrophage
PD_SRR10792757	Macrophage
PD_SRR10792821	T cell
PD_SRR10792823	B cell
PD_SRR10792824	T cell
PD_SRR10792858	Endothelial
PD_SRR10792860	Mast cell
PD_SRR10792916	Endothelial
PD_SRR10792959	T cell
PD_SRR10793020	Macrophage
PD_SRR10793021	T cell
PD_SRR10793085	T cell
PD_SRR10793087	T cell
PD_SRR10793088	Macrophage
PD_SRR10793150	T cell
PD_SRR10793152	T cell
PD_SRR10793153	T cell
PD_SRR10793214	B cell
PD_SRR10793216	Epithelial
PD_SRR10793273	Fibroblast
PD_SRR10793275	Epithelial
PD_SRR10793329	Fibroblast
PD_SRR10793382	Fibroblast
PD_SRR10793435	Endothelial
PD_SRR10793437	Melanocyte
PD_SRR10793439	Endothelial
PD_SRR10793481	Melanocyte
PD_SRR10793483	Mast cell
PD_SRR10793533	Endothelial
PD_SRR10793540	Endothelial
PD_SRR10793542	Endothelial
PD_SRR10793594	Mast cell
PD_SRR10793642	B cell
PD_SRR10793700	T cell
PD_SRR10793703	B cell
PD_SRR10793765	Macrophage
PD_SRR10793767	B cell
PD_SRR10793769	cDC
PD_SRR10793836	Endothelial
PD_SRR10793838	pDC
PD_SRR10793926	B cell
PD_SRR10793928	Macrophage
PD_SRR10793929	Macrophage
PD_SRR10793989	T cell
PD_SRR10793992	Macrophage
PD_SRR10794054	T cell
PD_SRR10794056	T cell
PD_SRR10794058	T cell
PD_SRR10794105	Endothelial
PD_SRR10794108	pDC
PD_SRR10794169	cDC
PD_SRR10794171	T cell
PD_SRR10794173	T cell
PD_SRR10794232	B cell
PD_SRR10794236	cDC
PD_SRR10794277	Melanocyte
PD_SRR10794360	B cell
PD_SRR10794362	cDC
PD_SRR10794363	T cell
PD_SRR10794419	T cell
PD_SRR10794421	cDC
PD_SRR10794422	T cell
PD_SRR10794481	T cell
PD_SRR10794483	T cell
PD_SRR10794484	Macrophage
PD_SRR10794564	cDC
PD_SRR10794565	cDC
PD_SRR10794627	Macrophage
PD_SRR10794629	B cell
PD_SRR10794630	T cell
PD_SRR10794682	T cell
PD_SRR10794684	T cell
PD_SRR10794686	Macrophage
PD_SRR10794747	cDC
PD_SRR10794749	T cell
PD_SRR10794879	pDC
PD_SRR10794880	Mast cell
PD_SRR10794933	Epithelial
PD_SRR10795004	T cell
PD_SRR10795006	T cell
PD_SRR10795007	T cell
PD_SRR10795075	Mast cell
PD_SRR10795077	Endothelial
PD_SRR10795142	T cell
PD_SRR10795144	cDC
PD_SRR10795146	Macrophage
PD_SRR10795213	Macrophage
PD_SRR10795288	T cell
PD_SRR10795290	cDC
PD_SRR10795292	Macrophage
PD_SRR10795353	B cell
PD_SRR10795413	Mast cell
PD_SRR10795473	Endothelial
PD_SRR10795475	Mast cell
PD_SRR10795477	Mast cell
PD_SRR10795528	B cell
PD_SRR10795530	T cell
PD_SRR10795570	T cell
PD_SRR10795572	Macrophage
PD_SRR10795627	Fibroblast
PD_SRR10795628	Endothelial
PD_SRR10795645	Endothelial
PD_SRR10795647	Melanocyte
PD_SRR10795694	Epithelial
PD_SRR10795695	Fibroblast
PD_SRR10795773	Macrophage
PD_SRR10795775	B cell
PD_SRR10795849	T cell
PD_SRR10795851	T cell
PD_SRR10795967	T cell
PD_SRR10795969	T cell
PD_SRR10795971	Macrophage
PD_SRR10796008	T cell
PD_SRR10796010	Macrophage
PD_SRR10796012	T cell
PD_SRR10796071	T cell
PD_SRR10796074	Macrophage
PD_SRR10796097	cDC
PD_SRR10796099	Epithelial
PD_SRR10796101	T cell
PD_SRR10796160	Macrophage
PD_SRR10796162	T cell
PD_SRR10796163	T cell
PD_SRR10796222	B cell
PD_SRR10796224	B cell
PD_SRR10796225	Macrophage
PD_SRR10796273	Macrophage
PD_SRR10796277	T cell
PD_SRR10796331	Macrophage
PD_SRR10796333	cDC
PD_SRR10796334	T cell
PD_SRR10796354	Macrophage
PD_SRR10796356	Macrophage
PD_SRR10796358	T cell
PD_SRR10796418	Macrophage
PD_SRR10796420	B cell
PD_SRR10796469	T cell
PD_SRR10796520	Melanocyte
PD_SRR10796521	Endothelial
PD_SRR10796577	Macrophage
PD_SRR10796579	Macrophage
PD_SRR10796581	Macrophage
PD_SRR10796626	Endothelial
PD_SRR10796628	Mast cell
PD_SRR10796674	Melanocyte
PD_SRR10796677	Endothelial
PD_SRR10796727	Macrophage
PD_SRR10796728	Macrophage
PD_SRR10796822	Epithelial
PD_SRR10796918	T cell
PD_SRR10796998	Fibroblast
PD_SRR10797074	T cell
PD_SRR10797076	T cell
PD_SRR10797078	cDC
PD_SRR10797178	Mast cell
PD_SRR10797180	Endothelial
PD_SRR10797182	Melanocyte
PD_SRR10797266	cDC
PD_SRR10797268	T cell
PD_SRR10797270	T cell
PD_SRR10797355	T cell
PD_SRR10797357	T cell
PD_SRR10797358	Macrophage
PD_SRR10797423	Mast cell
PD_SRR10797426	Mast cell
PD_SRR10797481	Macrophage
PD_SRR10797483	B cell
PD_SRR10797485	cDC
PD_SRR10797504	Melanocyte
PD_SRR10797508	Mast cell
PD_SRR10797565	B cell
PD_SRR10797567	T cell
PD_SRR10797568	T cell
PD_SRR10797610	cDC
PD_SRR10797612	T cell
PD_SRR10797711	B cell
PD_SRR10797713	T cell
PD_SRR10797714	T cell
PD_SRR10797789	Macrophage
PD_SRR10797791	T cell
PD_SRR10797793	T cell
PD_SRR10797846	Fibroblast
PD_SRR10797848	B cell
PD_SRR10797901	Fibroblast
PD_SRR10797934	Epithelial
PD_SRR10797995	Fibroblast
PD_SRR10797997	Epithelial
PD_SRR10798049	cDC
PD_SRR10798051	cDC
PD_SRR10798053	Epithelial
PD_SRR10798156	Fibroblast
PD_SRR10798209	pDC
PD_SRR10798210	T cell
PD_SRR10798271	T cell
PD_SRR10798273	Macrophage
PD_SRR10798289	T cell
PD_SRR10798290	T cell
PD_SRR10798352	T cell
PD_SRR10798391	Mast cell
PD_SRR10798393	Endothelial
PD_SRR10798451	Endothelial
PD_SRR10798502	T cell
PD_SRR10798504	B cell
PD_SRR10798505	T cell
PD_SRR10798564	Fibroblast
